"Gene_symbol","PC_Direction","ALDhep_Direction"
"A1BG-AS1","down","up"
"A4GALT","down","up"
"AADAT","up","down"
"ABCA1","up","down"
"ABCC3","up","down"
"ABCD2","down","up"
"ABHD10","up","down"
"ABR","down","up"
"ABRACL","up","down"
"ACACA","up","down"
"ACAD10","up","down"
"ACADM","up","down"
"ACADSB","up","down"
"ACAT1","up","down"
"ACKR3","down","up"
"ACOT11","down","up"
"ACOT8","up","down"
"ACP1","up","down"
"ACP6","up","down"
"ACSL1","up","down"
"ACSL3","up","down"
"ACSL4","down","up"
"ACSL5","up","down"
"ACSM1","up","down"
"ACSM3","up","down"
"ACTA2","down","up"
"ACTR3C","up","down"
"ACVR2B","up","down"
"ACVRL1","down","up"
"ACY1","up","down"
"ADAM19","down","up"
"ADAM33","down","up"
"ADAMTS1","down","up"
"ADAMTS10","down","up"
"ADAMTS12","down","up"
"ADAMTS4","down","up"
"ADAMTS5","down","up"
"ADAMTS9-AS1","down","up"
"ADAMTS9-AS2","down","up"
"ADAMTSL1","down","up"
"ADARB1","down","up"
"ADCY3","down","up"
"ADCY4","down","up"
"ADCYAP1","down","up"
"ADD3","down","up"
"ADGRA2","down","up"
"ADGRA3","up","down"
"ADGRB1","down","up"
"ADGRB2","down","up"
"ADGRB3","down","up"
"ADGRD1","down","up"
"ADGRG2","down","up"
"ADGRG3","down","up"
"ADGRL1","down","up"
"ADGRL3","down","up"
"ADGRV1","up","down"
"ADH6","up","down"
"ADIPOR1","up","down"
"ADORA2B","down","up"
"ADPGK-AS1","down","up"
"ADPRHL1","up","down"
"ADRB1","up","down"
"ADRB2","up","down"
"AFF3","down","up"
"AFG3L2","up","down"
"AFMID","up","down"
"AGFG2","up","down"
"AGMAT","up","down"
"AGPAT3","up","down"
"AGPAT4","down","up"
"AGPAT5","up","down"
"AGTR1","up","down"
"AHCY","up","down"
"AHNAK2","down","up"
"AIFM1","up","down"
"AIMP2","up","down"
"AJAP1","down","up"
"AK2","up","down"
"AKAP12","down","up"
"AKR1A1","up","down"
"AKR1B1","down","up"
"AKR1D1","up","down"
"AKT1S1","up","down"
"AKT3","down","up"
"ALB","up","down"
"ALDH1A1","up","down"
"ALDH1L1","up","down"
"ALDH1L2","down","up"
"ALDH6A1","up","down"
"ALG10B","up","down"
"ALG3","up","down"
"ALG8","up","down"
"ALKBH2","up","down"
"ALKBH7","up","down"
"ALOX12P2","down","up"
"ALOX15B","down","up"
"ALPL","up","down"
"AMACR","up","down"
"AMOTL2","down","up"
"AMZ1","down","up"
"AMZ2P1","down","up"
"ANGPT1","down","up"
"ANGPTL2","down","up"
"ANGPTL3","up","down"
"ANK2","down","up"
"ANKDD1A","down","up"
"ANKDD1B","down","up"
"ANKEF1","up","down"
"ANKRD28","up","down"
"ANKRD33B","down","up"
"ANKRD37","down","up"
"ANO4","down","up"
"ANOS1","down","up"
"ANTXR1","down","up"
"ANXA1","down","up"
"ANXA2","down","up"
"ANXA4","down","up"
"ANXA8","down","up"
"AP3S2","up","down"
"APBA1","up","down"
"APCDD1","down","up"
"APEH","up","down"
"APMAP","up","down"
"APOBEC3C","down","up"
"APOBEC3D","down","up"
"APOBEC3G","down","up"
"APOC1","up","down"
"APOE","up","down"
"APOF","up","down"
"APOLD1","down","up"
"APRT","up","down"
"AQP1","down","up"
"AQP9","up","down"
"ARAP3","down","up"
"ARHGAP23","down","up"
"ARHGAP24","down","up"
"ARHGAP40","down","up"
"ARHGAP44","down","up"
"ARHGEF1","down","up"
"ARHGEF10","down","up"
"ARHGEF17","down","up"
"ARHGEF2","down","up"
"ARHGEF25","down","up"
"ARHGEF26","up","down"
"ARHGEF6","down","up"
"ARID5A","up","down"
"ARL10","down","up"
"ARL6IP1","up","down"
"ARMC10","up","down"
"ARMC6","up","down"
"ARMCX1","down","up"
"ARMCX2","down","up"
"ARMCX4","down","up"
"ARPC1A","up","down"
"ARSD","up","down"
"ARSJ","down","up"
"ASB13","up","down"
"ASB3","down","up"
"ASB9","up","down"
"ASGR2","up","down"
"ASL","up","down"
"ASPM","up","down"
"ATAD3A","up","down"
"ATF5","up","down"
"ATG4A","up","down"
"ATN1","down","up"
"ATP13A3","up","down"
"ATP13A4","down","up"
"ATP1B2","down","up"
"ATP2A3","down","up"
"ATP6V0A1","down","up"
"ATP6V0D2","down","up"
"ATP6V0E2","up","down"
"ATP6V1A","up","down"
"ATP6V1G1","up","down"
"ATP7B","up","down"
"ATP8B4","down","up"
"ATPAF1","up","down"
"AUP1","up","down"
"AURKAIP1","up","down"
"B3GAT1","up","down"
"B3GNT3","down","up"
"B3GNT7","down","up"
"B3GNT9","down","up"
"B4GALNT1","down","up"
"BAAT","up","down"
"BAIAP3","up","down"
"BARD1","down","up"
"BASP1","down","up"
"BBOX1","up","down"
"BBX","down","up"
"BCAS1","down","up"
"BCAT2","up","down"
"BCCIP","up","down"
"BCKDHA","up","down"
"BCL11A","down","up"
"BCL2","down","up"
"BCL6B","down","up"
"BDH1","up","down"
"BDKRB2","down","up"
"BDNF","down","up"
"BEGAIN","down","up"
"BEND4","up","down"
"BEND5","down","up"
"BEND6","down","up"
"BEX4","down","up"
"BHLHA15","up","down"
"BLVRA","down","up"
"BMP4","down","up"
"BMP5","down","up"
"BMT2","down","up"
"BNC2","down","up"
"BNIP3L","down","up"
"BOC","down","up"
"BOLA3","up","down"
"BOP1","up","down"
"BPHL","up","down"
"BPNT1","up","down"
"BRCC3","up","down"
"BRD2","up","down"
"BRI3","up","down"
"BRI3BP","up","down"
"BRSK1","down","up"
"BTF3","up","down"
"BTG2","down","up"
"BTG3","down","up"
"BTN2A1","down","up"
"BTN2A3P","down","up"
"C11orf1","up","down"
"C11orf21","down","up"
"C11orf24","up","down"
"C11orf45","down","up"
"C11orf71","up","down"
"C11orf98","up","down"
"C12orf66","up","down"
"C12orf75","down","up"
"C16orf70","up","down"
"C16orf74","down","up"
"C16orf87","up","down"
"C16orf89","down","up"
"C19orf44","down","up"
"C19orf48","up","down"
"C19orf73","up","down"
"C1GALT1C1","up","down"
"C1orf115","up","down"
"C1orf43","up","down"
"C1orf53","up","down"
"C1QBP","up","down"
"C1QTNF1","down","up"
"C1QTNF7","down","up"
"C2","up","down"
"C20orf194","down","up"
"C2orf69","up","down"
"C2orf72","up","down"
"C4A","up","down"
"C4B","up","down"
"C5orf15","up","down"
"C7","down","up"
"C8orf58","down","up"
"C8orf88","down","up"
"CA2","up","down"
"CACFD1","up","down"
"CACHD1","down","up"
"CACNA2D1","down","up"
"CALHM2","down","up"
"CALR","up","down"
"CAMK2B","up","down"
"CAMKK2","up","down"
"CAMSAP3","up","down"
"CANX","up","down"
"CAP2","down","up"
"CAPG","down","up"
"CAPN6","down","up"
"CARNMT1","up","down"
"CASP6","up","down"
"CAV1","down","up"
"CBLC","up","down"
"CBR4","up","down"
"CBS","up","down"
"CBWD1","up","down"
"CBX3","up","down"
"CCBE1","down","up"
"CCDC102A","down","up"
"CCDC136","down","up"
"CCDC146","down","up"
"CCDC148","down","up"
"CCDC181","down","up"
"CCDC3","down","up"
"CCDC51","up","down"
"CCDC58","up","down"
"CCDC74A","down","up"
"CCDC74B","down","up"
"CCDC8","down","up"
"CCDC80","down","up"
"CCDC85A","down","up"
"CCDC88A","down","up"
"CCL16","up","down"
"CCL21","down","up"
"CCNC","up","down"
"CCND2","down","up"
"CCNG1","up","down"
"CCSAP","down","up"
"CCT3","up","down"
"CCT4","up","down"
"CCT7","up","down"
"CCT8","up","down"
"CD109","down","up"
"CD200","down","up"
"CD207","down","up"
"CD22","down","up"
"CD248","down","up"
"CD276","up","down"
"CD302","up","down"
"CD34","down","up"
"CD69","down","up"
"CD9","down","up"
"CDC123","up","down"
"CDC42EP3","down","up"
"CDH17","down","up"
"CDH19","down","up"
"CDH3","down","up"
"CDH6","down","up"
"CDIP1","down","up"
"CDK18","down","up"
"CDK2AP2","up","down"
"CDK4","up","down"
"CDK5","up","down"
"CDKL5","down","up"
"CDKN2AIPNL","up","down"
"CEBPD","up","down"
"CELF1","up","down"
"CELF2","down","up"
"CENPN","up","down"
"CENPX","up","down"
"CEP126","down","up"
"CEP295NL","down","up"
"CEP68","down","up"
"CEP89","down","up"
"CERCAM","down","up"
"CERS2","up","down"
"CERS4","up","down"
"CERS5","down","up"
"CES4A","up","down"
"CFAP47","up","down"
"CFB","up","down"
"CFP","up","down"
"CFTR","down","up"
"CHCHD1","up","down"
"CHD1L","up","down"
"CHDH","up","down"
"CHID1","up","down"
"CHMP1B2P","down","up"
"CHN2","up","down"
"CHRDL1","down","up"
"CHRFAM7A","down","up"
"CHRNA7","down","up"
"CHST11","down","up"
"CHST15","down","up"
"CHST3","down","up"
"CHST6","down","up"
"CHST9","down","up"
"CIAO1","up","down"
"CIAPIN1","up","down"
"CIDEC","down","up"
"CISD3","up","down"
"CKMT2","down","up"
"CKS2","up","down"
"CLDN11","down","up"
"CLDN12","up","down"
"CLEC14A","down","up"
"CLIC6","down","up"
"CLIP2","down","up"
"CLIP3","down","up"
"CLIP4","down","up"
"CLMP","down","up"
"CLNS1A","up","down"
"CLPB","up","down"
"CLPX","up","down"
"CMIP","down","up"
"CMPK1","up","down"
"CNBP","up","down"
"CNDP2","up","down"
"CNGA1","up","down"
"CNN1","down","up"
"CNN2","down","up"
"CNNM3","up","down"
"CNPY2","up","down"
"CNPY4","down","up"
"CNRIP1","down","up"
"CNST","up","down"
"CNTLN","up","down"
"CNTN1","down","up"
"CNTNAP1","down","up"
"CNTNAP3B","down","up"
"CNTRL","down","up"
"COA4","up","down"
"COA7","up","down"
"COASY","up","down"
"COBL","up","down"
"COBLL1","up","down"
"COL13A1","down","up"
"COL14A1","down","up"
"COL16A1","down","up"
"COL17A1","down","up"
"COL4A1","down","up"
"COL4A2","down","up"
"COL4A3","down","up"
"COL4A4","down","up"
"COL4A5","down","up"
"COL5A1","down","up"
"COL6A1","down","up"
"COL6A2","down","up"
"COL6A3","down","up"
"COL9A1","down","up"
"COLCA2","down","up"
"COLGALT2","down","up"
"COPB2","up","down"
"COPE","up","down"
"COPG1","up","down"
"COPS5","up","down"
"COPZ1","up","down"
"COQ8A","up","down"
"CORO6","down","up"
"COX16","up","down"
"COX18","up","down"
"COX5A","up","down"
"COX6A1","up","down"
"COX7A1","down","up"
"COX7A2L","up","down"
"COX7B","up","down"
"COX7C","up","down"
"CPA3","down","up"
"CPAMD8","down","up"
"CPE","down","up"
"CPNE3","up","down"
"CPNE5","down","up"
"CPOX","up","down"
"CPSF3","up","down"
"CPT2","up","down"
"CPXM1","down","up"
"CRCP","up","down"
"CREB5","down","up"
"CREBRF","down","up"
"CRELD2","up","down"
"CRISPLD2","down","up"
"CROCC2","up","down"
"CRYAB","down","up"
"CRYL1","up","down"
"CSE1L","up","down"
"CSK","up","down"
"CSPG4","down","up"
"CTF1","down","up"
"CTNNAL1","up","down"
"CTSO","up","down"
"CTTNBP2","down","up"
"CUBN","down","up"
"CUEDC1","down","up"
"CUTA","up","down"
"CXADR","up","down"
"CXCL12","down","up"
"CXCL14","up","down"
"CXCL2","up","down"
"CXXC4","up","down"
"CXXC5","up","down"
"CYB561A3","up","down"
"CYB561D2","up","down"
"CYB5A","up","down"
"CYBA","down","up"
"CYC1","up","down"
"CYCS","up","down"
"CYFIP2","up","down"
"CYGB","down","up"
"CYP2J2","up","down"
"CYP39A1","up","down"
"CYS1","down","up"
"CYYR1","down","up"
"DAB2IP","down","up"
"DACT3","down","up"
"DAGLA","down","up"
"DANCR","up","down"
"DARS2","up","down"
"DBNDD2","down","up"
"DCAF10","up","down"
"DCAF6","up","down"
"DCAF8","up","down"
"DCBLD2","down","up"
"DCC","down","up"
"DCLRE1A","up","down"
"DCN","down","up"
"DCTPP1","up","down"
"DCUN1D1","up","down"
"DCUN1D5","up","down"
"DCXR","up","down"
"DDAH1","up","down"
"DDC","up","down"
"DDI2","up","down"
"DDOST","up","down"
"DDR2","down","up"
"DDT","up","down"
"DDX28","up","down"
"DDX49","up","down"
"DDX56","up","down"
"DECR1","up","down"
"DECR2","up","down"
"DEF6","down","up"
"DEFB1","down","up"
"DENND2A","down","up"
"DENND5A","down","up"
"DESI1","up","down"
"DGKA","down","up"
"DGKG","down","up"
"DGKH","down","up"
"DHFR","up","down"
"DHRS11","up","down"
"DHRS13","up","down"
"DHRS4-AS1","up","down"
"DHRS7","up","down"
"DHRS9","down","up"
"DHTKD1","up","down"
"DIAPH1","up","down"
"DIO1","up","down"
"DIS3L","up","down"
"DKK3","down","up"
"DLD","up","down"
"DLG4","down","up"
"DLG5","down","up"
"DLL1","down","up"
"DLL4","down","up"
"DMKN","down","up"
"DMPK","down","up"
"DMRTA1","up","down"
"DNAAF2","up","down"
"DNAH5","up","down"
"DNAJA3","up","down"
"DNAJB11","up","down"
"DNAJB5","down","up"
"DNAJC11","up","down"
"DNAJC12","up","down"
"DNAJC21","up","down"
"DNAJC22","up","down"
"DNAJC5","up","down"
"DNM1","down","up"
"DNM3","down","up"
"DNMBP","up","down"
"DNPH1","up","down"
"DOCK3","down","up"
"DOCK8","down","up"
"DOK7","down","up"
"DPH5","up","down"
"DPP3","up","down"
"DPT","down","up"
"DPY30","up","down"
"DPYSL2","down","up"
"DPYSL3","down","up"
"DSC3","down","up"
"DSE","down","up"
"DST","down","up"
"DTX1","up","down"
"DTX2","down","up"
"DTX3","down","up"
"DTX3L","up","down"
"DUBR","down","up"
"DUOX1","down","up"
"DUOX2","down","up"
"DUS1L","up","down"
"DUSP18","down","up"
"DUSP2","down","up"
"DUSP23","up","down"
"DUXAP10","down","up"
"DVL1","up","down"
"DYSF","down","up"
"DZIP1","down","up"
"DZIP1L","down","up"
"EARS2","up","down"
"EBF1","down","up"
"EBLN2","down","up"
"EBNA1BP2","up","down"
"ECE2","up","down"
"ECHS1","up","down"
"ECI2","up","down"
"EDEM1","up","down"
"EDF1","up","down"
"EDIL3","down","up"
"EDNRA","down","up"
"EEF1A1","up","down"
"EEF1B2","up","down"
"EEF1D","up","down"
"EEF1G","up","down"
"EEF2","up","down"
"EEF2KMT","up","down"
"EEFSEC","up","down"
"EFCAB3","down","up"
"EFEMP1","down","up"
"EFEMP2","down","up"
"EFNA5","down","up"
"EFNB1","down","up"
"EFR3A","up","down"
"EFS","down","up"
"EGLN3","down","up"
"EGOT","down","up"
"EHBP1L1","down","up"
"EHD2","down","up"
"EHD4","down","up"
"EI24","up","down"
"EID3","down","up"
"EIF2AK1","up","down"
"EIF2S2","up","down"
"EIF3B","up","down"
"EIF3E","up","down"
"EIF3H","up","down"
"EIF3J","up","down"
"EIF3L","up","down"
"EIF3M","up","down"
"EIF4A3","up","down"
"EIF4B","up","down"
"EIF4E2","up","down"
"EIF4EBP1","up","down"
"EIF4G1","up","down"
"EIF5A","up","down"
"ELF1","down","up"
"ELF4","down","up"
"ELK1","up","down"
"ELN","down","up"
"ELOVL4","down","up"
"ELOVL5","up","down"
"ELOVL6","up","down"
"ELP2","up","down"
"EMBP1","up","down"
"EMC3","up","down"
"EMCN","down","up"
"EMID1","down","up"
"EMILIN1","down","up"
"EML5","down","up"
"EMP1","down","up"
"EMP3","down","up"
"ENAH","down","up"
"ENO1","up","down"
"ENO2","down","up"
"ENPP1","up","down"
"ENPP2","down","up"
"ENPP3","up","down"
"ENTPD1","down","up"
"ENTPD4","down","up"
"ENTPD5","up","down"
"ENTPD7","up","down"
"ENY2","up","down"
"EOGT","down","up"
"EPB41L2","down","up"
"EPB41L3","down","up"
"EPB41L4A","down","up"
"EPB41L4B","up","down"
"EPB41L5","up","down"
"EPHA3","down","up"
"EPHA4","down","up"
"EPHB6","down","up"
"EPS8","down","up"
"EPSTI1","down","up"
"ERBB2","down","up"
"ERGIC1","up","down"
"ERO1B","up","down"
"ESAM","down","up"
"ESPN","up","down"
"ESRG","down","up"
"ESRP2","up","down"
"ESRRA","up","down"
"ETFA","up","down"
"ETFB","up","down"
"ETV4","down","up"
"ETV5","down","up"
"EVA1C","down","up"
"EVC2","down","up"
"EXOC6B","down","up"
"EXOSC4","up","down"
"EXOSC5","up","down"
"EYA2","down","up"
"EZH1","down","up"
"F12","up","down"
"F5","up","down"
"FAAH","up","down"
"FABP3","down","up"
"FAHD2A","up","down"
"FAM107A","down","up"
"FAM120A","up","down"
"FAM136A","up","down"
"FAM13A","up","down"
"FAM13B","down","up"
"FAM153A","down","up"
"FAM153B","down","up"
"FAM160B2","down","up"
"FAM167A","down","up"
"FAM169A","down","up"
"FAM185A","up","down"
"FAM207A","up","down"
"FAM214A","up","down"
"FAM222A","up","down"
"FAM228B","down","up"
"FAM43A","down","up"
"FAM47E","up","down"
"FAM66B","down","up"
"FAM66C","down","up"
"FAM66E","down","up"
"FAM83B","down","up"
"FARSB","up","down"
"FASN","up","down"
"FASTK","up","down"
"FASTKD2","up","down"
"FAT2","down","up"
"FAU","up","down"
"FAXC","down","up"
"FBLIM1","down","up"
"FBLN1","down","up"
"FBLN2","down","up"
"FBLN5","down","up"
"FBN1","down","up"
"FBN3","down","up"
"FBP1","up","down"
"FBXL16","down","up"
"FBXL7","down","up"
"FBXO22","up","down"
"FBXO32","down","up"
"FCHSD1","down","up"
"FECH","up","down"
"FEN1","up","down"
"FENDRR","down","up"
"FER","down","up"
"FER1L4","down","up"
"FGD5","down","up"
"FGD6","down","up"
"FGF11","down","up"
"FGF17","down","up"
"FGF2","down","up"
"FGF7","down","up"
"FGFR1","down","up"
"FGFR2","down","up"
"FGFRL1","up","down"
"FGL1","up","down"
"FH","up","down"
"FHDC1","down","up"
"FHL2","down","up"
"FHOD3","down","up"
"FILIP1","down","up"
"FILIP1L","down","up"
"FKBP3","up","down"
"FKBP4","up","down"
"FLAD1","up","down"
"FLNA","down","up"
"FLNC","down","up"
"FLRT2","down","up"
"FLT4","down","up"
"FMC1","up","down"
"FMO5","up","down"
"FNBP1","down","up"
"FNIP2","up","down"
"FOLH1","up","down"
"FOLR1","down","up"
"FOXA1","up","down"
"FOXC1","down","up"
"FOXF1","down","up"
"FOXF2","down","up"
"FOXN3-AS1","up","down"
"FOXP4-AS1","up","down"
"FOXQ1","down","up"
"FOXRED1","up","down"
"FOXRED2","up","down"
"FRMD3","down","up"
"FRMD5","down","up"
"FRMD6","down","up"
"FST","down","up"
"FTCDNL1","up","down"
"FTL","up","down"
"FUCA2","up","down"
"FUT2","down","up"
"FUT3","down","up"
"FXYD2","down","up"
"FXYD3","down","up"
"FZD1","down","up"
"FZD10-AS1","down","up"
"FZD3","down","up"
"G0S2","down","up"
"G3BP1","up","down"
"G3BP2","up","down"
"GAB1","down","up"
"GABBR1","down","up"
"GABRB2","down","up"
"GABRE","down","up"
"GABRP","down","up"
"GADD45A","up","down"
"GADD45G","up","down"
"GALNT16","down","up"
"GALNT5","down","up"
"GALNT6","down","up"
"GANAB","up","down"
"GAPDH","up","down"
"GAS1","down","up"
"GAS1RR","down","up"
"GAS2","up","down"
"GAS6","down","up"
"GAS7","down","up"
"GATA3","down","up"
"GATA6","down","up"
"GBE1","up","down"
"GBGT1","down","up"
"GBP2","down","up"
"GCAT","up","down"
"GCFC2","up","down"
"GCH1","up","down"
"GCNT4","down","up"
"GCSAML","down","up"
"GCSH","up","down"
"GDE1","up","down"
"GDI2","up","down"
"GFER","up","down"
"GFM2","up","down"
"GFOD2","up","down"
"GFPT2","down","up"
"GGCT","up","down"
"GGT1","up","down"
"GGT6","down","up"
"GHR","up","down"
"GIPR","down","up"
"GJA1","down","up"
"GJA5","down","up"
"GJB1","up","down"
"GJB2","up","down"
"GJB4","down","up"
"GJC1","down","up"
"GJC2","down","up"
"GLDC","up","down"
"GLDN","down","up"
"GLI2","down","up"
"GLI3","down","up"
"GLIPR2","down","up"
"GLIS2","down","up"
"GLIS3","down","up"
"GLO1","up","down"
"GLOD5","up","down"
"GLRX","up","down"
"GLUL","up","down"
"GLYATL1","up","down"
"GLYCTK","up","down"
"GMNC","up","down"
"GMPPB","up","down"
"GNAI1","up","down"
"GNAL","down","up"
"GNAZ","down","up"
"GNB3","down","up"
"GNE","up","down"
"GNG11","down","up"
"GNG2","down","up"
"GNG5","up","down"
"GNPAT","up","down"
"GNPNAT1","up","down"
"GNRH1","down","up"
"GOLGA5","up","down"
"GOLGA6L17P","down","up"
"GPAT4","up","down"
"GPATCH4","up","down"
"GPATCH8","down","up"
"GPD1L","down","up"
"GPI","up","down"
"GPR135","down","up"
"GPR161","down","up"
"GPR173","down","up"
"GPR88","up","down"
"GPRASP1","down","up"
"GPRC5B","down","up"
"GPRC5D","up","down"
"GPS1","up","down"
"GPX3","down","up"
"GPX8","down","up"
"GRAP2","down","up"
"GRAPL","down","up"
"GRB14","up","down"
"GRID1","down","up"
"GRIN2A","down","up"
"GRIN3A","up","down"
"GRK5","down","up"
"GRPEL1","up","down"
"GRSF1","up","down"
"GS1-124K5.4","up","down"
"GSKIP","up","down"
"GSN","down","up"
"GSN-AS1","down","up"
"GSPT1","up","down"
"GSTM2","down","up"
"GSTP1","down","up"
"GTF2A2","up","down"
"GTF3A","up","down"
"GTPBP10","up","down"
"GTPBP2","down","up"
"GTPBP6","up","down"
"GUF1","up","down"
"GUK1","up","down"
"GUSB","up","down"
"GXYLT1","up","down"
"GYPC","down","up"
"HABP2","up","down"
"HACD1","down","up"
"HACD4","down","up"
"HADH","up","down"
"HADHB","up","down"
"HAND2","down","up"
"HAND2-AS1","down","up"
"HAT1","up","down"
"HCAR2","down","up"
"HCN4","down","up"
"HDAC3","up","down"
"HDDC3","up","down"
"HDGF","up","down"
"HDLBP","up","down"
"HEBP2","up","down"
"HECTD2","down","up"
"HECW1","down","up"
"HEPH","down","up"
"HESX1","up","down"
"HEY2","up","down"
"HGH1","up","down"
"HHIP-AS1","down","up"
"HIC1","down","up"
"HIF3A","down","up"
"HINT1","up","down"
"HIPK2","up","down"
"HIRA","up","down"
"HK1","down","up"
"HK3","up","down"
"HLA-A","down","up"
"HLA-DPB1","down","up"
"HLTF","up","down"
"HMGN4","down","up"
"HMMR","up","down"
"HMOX1","up","down"
"HMOX2","up","down"
"HNF4G","up","down"
"HNMT","up","down"
"HNRNPA1L2","down","up"
"HNRNPF","up","down"
"HOOK1","up","down"
"HOXB-AS1","down","up"
"HOXB2","down","up"
"HOXB3","down","up"
"HOXB4","down","up"
"HP","up","down"
"HPCAL1","up","down"
"HPF1","up","down"
"HPGDS","down","up"
"HPN","up","down"
"HPX","up","down"
"HRC","down","up"
"HS2ST1","up","down"
"HSBP1","up","down"
"HSD17B10","up","down"
"HSD17B11","up","down"
"HSD17B4","up","down"
"HSD3B7","up","down"
"HSP90B1","up","down"
"HSPA5","up","down"
"HSPA9","up","down"
"HSPB6","down","up"
"HSPB7","down","up"
"HSPB8","down","up"
"HSPD1","up","down"
"HSPE1","up","down"
"HSPG2","down","up"
"HTRA2","up","down"
"HYMAI","down","up"
"HYOU1","up","down"
"IARS2","up","down"
"IBTK","up","down"
"ICA1L","down","up"
"ICAM3","up","down"
"ID4","down","up"
"IFI27L2","down","up"
"IFNAR1","up","down"
"IFRD2","up","down"
"IFT81","down","up"
"IGDCC4","down","up"
"IGFBP5","down","up"
"IGSF8","up","down"
"IHH","up","down"
"IL13RA1","up","down"
"IL17RB","up","down"
"IL17RE","down","up"
"IL1RL1","down","up"
"IL1RN","up","down"
"IL6","down","up"
"IMMT","up","down"
"IMP4","up","down"
"INF2","down","up"
"INMT","down","up"
"INPP5D","down","up"
"INPP5F","down","up"
"INTS12","up","down"
"INTS5","up","down"
"INTS6L","down","up"
"INTU","down","up"
"IPO4","up","down"
"IQCA1","down","up"
"IQGAP2","up","down"
"IQSEC2","down","up"
"IRAK3","down","up"
"IRF7","up","down"
"ISYNA1","down","up"
"ITGA2","down","up"
"ITGA3","down","up"
"ITGA8","down","up"
"ITGA9","down","up"
"ITGB4","down","up"
"ITGB6","down","up"
"ITGB8","down","up"
"ITIH2","up","down"
"ITIH3","up","down"
"ITIH5","down","up"
"ITM2A","down","up"
"ITPR2","up","down"
"ITPRIPL1","down","up"
"IVD","up","down"
"JAG2","down","up"
"JAM3","down","up"
"KBTBD11-OT1","down","up"
"KCNC4","down","up"
"KCNJ10","up","down"
"KCNJ15","down","up"
"KCNJ2","down","up"
"KCNMB1","down","up"
"KCNN2","up","down"
"KCNN3","down","up"
"KCNQ5","down","up"
"KCNS2","down","up"
"KCTD1","down","up"
"KCTD17","down","up"
"KCTD7","down","up"
"KDELR2","up","down"
"KEAP1","up","down"
"KHDRBS3","up","down"
"KIAA0319","down","up"
"KIAA0408","down","up"
"KIAA0513","down","up"
"KIAA1328","down","up"
"KIAA1549L","down","up"
"KIAA1614","down","up"
"KIAA1958","up","down"
"KIF16B","up","down"
"KIF22","up","down"
"KIF26B","down","up"
"KIF3C","down","up"
"KIFC3","down","up"
"KIT","down","up"
"KITLG","down","up"
"KLF4","down","up"
"KLF5","down","up"
"KLF7","down","up"
"KLF8","down","up"
"KLHL29","down","up"
"KLHL3","down","up"
"KLHL5","down","up"
"KLHL8","up","down"
"KLK10","down","up"
"KNDC1","down","up"
"KNL1","up","down"
"KNSTRN","up","down"
"KRR1","up","down"
"KRT15","down","up"
"KRT17","down","up"
"KRT19","down","up"
"KRT23","down","up"
"KRT7","down","up"
"KSR1","down","up"
"KY","down","up"
"L3MBTL3","up","down"
"LACTB","up","down"
"LACTB2","up","down"
"LAMA4","down","up"
"LAMB1","down","up"
"LAMB3","down","up"
"LAMTOR2","up","down"
"LAMTOR4","up","down"
"LAMTOR5","up","down"
"LAP3","up","down"
"LARGE2","up","down"
"LARP1B","up","down"
"LARS2","up","down"
"LAYN","down","up"
"LCA5","down","up"
"LDB2","down","up"
"LDHA","up","down"
"LDHB","down","up"
"LDLRAD1","down","up"
"LEAP2","up","down"
"LEO1","up","down"
"LETM1","up","down"
"LGALS1","down","up"
"LGALS3","down","up"
"LGALS3BP","down","up"
"LHFPL2","down","up"
"LILRA1","up","down"
"LILRA2","up","down"
"LIMK2","down","up"
"LINC00092","down","up"
"LINC00313","down","up"
"LINC00324","up","down"
"LINC00654","down","up"
"LINC00865","down","up"
"LINC00937","down","up"
"LINC00954","down","up"
"LINC00987","down","up"
"LINC01003","up","down"
"LINC01128","up","down"
"LINC01144","up","down"
"LINC01152","down","up"
"LINC01504","down","up"
"LINC01550","down","up"
"LITAF","down","up"
"LMAN1","up","down"
"LMCD1","down","up"
"LMO2","down","up"
"LMO7-AS1","down","up"
"LMOD1","down","up"
"LOC100129534","down","up"
"LOC100131315","up","down"
"LOC100505501","up","down"
"LOC100507156","down","up"
"LOC101927708","down","up"
"LOC101927851","up","down"
"LOC101930085","up","down"
"LOC102724908","down","up"
"LOC103171574","down","up"
"LOC105371267","down","up"
"LOC105371730","up","down"
"LOC154761","down","up"
"LOC158434","down","up"
"LOC283299","down","up"
"LOC374443","down","up"
"LOC440300","down","up"
"LOC729732","down","up"
"LOC730101","up","down"
"LOXL2","down","up"
"LPAR1","down","up"
"LPCAT4","down","up"
"LRCH2","down","up"
"LRP5","up","down"
"LRP8","down","up"
"LRPPRC","up","down"
"LRRC40","up","down"
"LRRC45","up","down"
"LRRC59","up","down"
"LRRC8D","up","down"
"LRWD1","up","down"
"LSAMP","down","up"
"LSM3","up","down"
"LSM4","up","down"
"LSM5","up","down"
"LSM7","up","down"
"LSM8","up","down"
"LSR","up","down"
"LTBP4","down","up"
"LY6E","up","down"
"LY75","down","up"
"LYPLA1","up","down"
"LZTS2","down","up"
"MAB21L3","down","up"
"MACROD1","up","down"
"MAD2L1","up","down"
"MAGED1","up","down"
"MAGEE1","down","up"
"MAGI2","down","up"
"MAL2","up","down"
"MALRD1","down","up"
"MAML2","down","up"
"MAMSTR","down","up"
"MANEA","up","down"
"MAOA","up","down"
"MAP1A","down","up"
"MAP1B","down","up"
"MAP2K6","up","down"
"MAP3K1","down","up"
"MAP3K11","up","down"
"MAP3K12","down","up"
"MAP6","down","up"
"MAP7","up","down"
"MAP7D1","down","up"
"MAP7D2","down","up"
"MAPK3","down","up"
"MAPKAPK3","up","down"
"MARCO","up","down"
"MARS2","up","down"
"MARVELD1","down","up"
"MAVS","up","down"
"MBD3","up","down"
"MBLAC2","up","down"
"MCAM","down","up"
"MCAT","up","down"
"MCCC1","up","down"
"MCCC2","up","down"
"MCRIP2","up","down"
"MCTS1","up","down"
"MDH2","up","down"
"MEAF6","down","up"
"MECOM","down","up"
"MECP2","down","up"
"MEF2C","down","up"
"MEF2D","down","up"
"MEG3","down","up"
"MEGF6","down","up"
"MEIS3","down","up"
"MEMO1","up","down"
"METAP2","up","down"
"METTL24","down","up"
"METTL26","up","down"
"METTL2B","up","down"
"METTL5","up","down"
"MFAP2","down","up"
"MFSD2A","up","down"
"MFSD3","up","down"
"MGAT4C","down","up"
"MGC16275","down","up"
"MGST2","up","down"
"MIA3","up","down"
"MICAL1","down","up"
"MICAL3","down","up"
"MICALL1","down","up"
"MIEN1","up","down"
"MIF","up","down"
"MIP","up","down"
"MIPEP","up","down"
"MIR100HG","down","up"
"MIR155HG","down","up"
"MIR4300HG","down","up"
"MIR4458HG","up","down"
"MITF","down","up"
"MLEC","up","down"
"MLIP","up","down"
"MLST8","up","down"
"MLX","up","down"
"MMAA","up","down"
"MMADHC","up","down"
"MMP14","down","up"
"MMP16","down","up"
"MMP2","down","up"
"MMP24","down","up"
"MMRN2","down","up"
"MN1","down","up"
"MOB3A","down","up"
"MON1B","up","down"
"MPC2","up","down"
"MPHOSPH10","up","down"
"MPI","up","down"
"MPLKIP","up","down"
"MPND","up","down"
"MPO","up","down"
"MPP3","down","up"
"MPST","up","down"
"MPZ","down","up"
"MRAP2","down","up"
"MRAS","down","up"
"MRC2","down","up"
"MRPL12","up","down"
"MRPL13","up","down"
"MRPL14","up","down"
"MRPL15","up","down"
"MRPL20","up","down"
"MRPL24","up","down"
"MRPL27","up","down"
"MRPL3","up","down"
"MRPL30","up","down"
"MRPL36","up","down"
"MRPL37","up","down"
"MRPL4","up","down"
"MRPL42","up","down"
"MRPL44","up","down"
"MRPL47","up","down"
"MRPL50","up","down"
"MRPL57","up","down"
"MRPL58","up","down"
"MRPS11","up","down"
"MRPS12","up","down"
"MRPS15","up","down"
"MRPS16","up","down"
"MRPS18B","up","down"
"MRPS2","up","down"
"MRPS24","up","down"
"MRPS25","up","down"
"MRPS26","up","down"
"MRPS28","up","down"
"MRPS33","up","down"
"MRPS34","up","down"
"MRPS35","up","down"
"MRPS5","up","down"
"MRPS7","up","down"
"MRPS9","up","down"
"MRS2","up","down"
"MS4A1","down","up"
"MS4A2","down","up"
"MSANTD4","down","up"
"MSH3","up","down"
"MSN","down","up"
"MSRB1","up","down"
"MSRB3","down","up"
"MT1F","up","down"
"MTCH2","up","down"
"MTFR1","up","down"
"MTG1","up","down"
"MTHFD1","up","down"
"MTHFD2L","up","down"
"MTIF2","up","down"
"MTMR11","down","up"
"MTMR9","down","up"
"MTR","down","up"
"MTUS2","up","down"
"MTX2","up","down"
"MUC13","down","up"
"MUC20","down","up"
"MUC5AC","down","up"
"MVP","down","up"
"MX1","down","up"
"MXRA7","down","up"
"MYADM","down","up"
"MYBL1","down","up"
"MYCL","up","down"
"MYCN","down","up"
"MYDGF","up","down"
"MYH11","down","up"
"MYL9","down","up"
"MYO15B","down","up"
"MYO1B","up","down"
"MYO1C","down","up"
"MYO5B","up","down"
"MYOCD","down","up"
"MYOF","down","up"
"MYOM1","down","up"
"MYOZ2","down","up"
"MYRIP","up","down"
"MZT2A","up","down"
"MZT2B","up","down"
"N4BP2","up","down"
"N4BP3","down","up"
"NAA20","up","down"
"NAA50","up","down"
"NAA60","up","down"
"NAAA","up","down"
"NAALADL1","down","up"
"NABP2","up","down"
"NACA","up","down"
"NACAD","down","up"
"NADK","up","down"
"NAPEPLD","up","down"
"NARS2","up","down"
"NAV1","down","up"
"NBL1","down","up"
"NBPF14","up","down"
"NBPF20","up","down"
"NCALD","up","down"
"NCAM1","down","up"
"NCKAP5","up","down"
"NCLN","up","down"
"NDE1","down","up"
"NDN","down","up"
"NDUFA2","up","down"
"NDUFA7","up","down"
"NDUFA8","up","down"
"NDUFAB1","up","down"
"NDUFAF2","up","down"
"NDUFAF3","up","down"
"NDUFAF6","up","down"
"NDUFAF8","up","down"
"NDUFB1","up","down"
"NDUFB10","up","down"
"NDUFB2","up","down"
"NDUFB3","up","down"
"NDUFB4","up","down"
"NDUFB5","up","down"
"NDUFB6","up","down"
"NDUFB9","up","down"
"NDUFS1","up","down"
"NDUFS2","up","down"
"NDUFS3","up","down"
"NDUFS6","up","down"
"NDUFV2","up","down"
"NECTIN1","down","up"
"NECTIN3","up","down"
"NEGR1","down","up"
"NELFCD","up","down"
"NEO1","down","up"
"NES","down","up"
"NET1","up","down"
"NEURL1B","down","up"
"NEXN","down","up"
"NFASC","down","up"
"NFATC4","down","up"
"NFE2","up","down"
"NFKBID","down","up"
"NFS1","up","down"
"NHLRC1","up","down"
"NHP2","up","down"
"NHS","down","up"
"NHSL1","up","down"
"NHSL2","down","up"
"NIP7","up","down"
"NIPA2","up","down"
"NIPSNAP3A","up","down"
"NIT2","up","down"
"NKD1","down","up"
"NLGN1","down","up"
"NLGN2","down","up"
"NLN","up","down"
"NLRP1","down","up"
"NMD3","up","down"
"NME1","up","down"
"NME4","up","down"
"NMRAL1","up","down"
"NMUR1","down","up"
"NNMT","up","down"
"NOC2L","up","down"
"NOL10","up","down"
"NOL11","up","down"
"NOL3","down","up"
"NOL4","up","down"
"NOL6","up","down"
"NOP10","up","down"
"NOP14","up","down"
"NOP16","up","down"
"NOTCH4","down","up"
"NOVA1","down","up"
"NPAS3","down","up"
"NR2F1","down","up"
"NR2F1-AS1","down","up"
"NR2F2-AS1","down","up"
"NR2F6","up","down"
"NR4A1","down","up"
"NR4A2","down","up"
"NRDC","up","down"
"NRG2","down","up"
"NRG3","down","up"
"NRP2","down","up"
"NRXN3","down","up"
"NSA2","up","down"
"NSG1","down","up"
"NSMCE1","up","down"
"NSUN2","up","down"
"NT5DC1","up","down"
"NTHL1","up","down"
"NTRK2","down","up"
"NUCB2","up","down"
"NUDCD2","up","down"
"NUDT17","down","up"
"NUDT19","up","down"
"NUDT4","up","down"
"NUDT5","up","down"
"NUDT6","up","down"
"NUDT8","up","down"
"NUDT9","up","down"
"NUMBL","down","up"
"NUP210","up","down"
"NUPR1","up","down"
"NUS1","up","down"
"NXPE3","down","up"
"OAZ3","up","down"
"OBSCN","down","up"
"OCIAD2","up","down"
"OGDHL","up","down"
"OLFML1","down","up"
"OLFML2A","down","up"
"OLFML3","down","up"
"OMD","down","up"
"OPHN1","down","up"
"OPLAH","up","down"
"OR7E14P","up","down"
"ORC5","up","down"
"OSTC","up","down"
"OXA1L","up","down"
"OXLD1","up","down"
"OXNAD1","up","down"
"OXSM","up","down"
"P2RX1","down","up"
"P3H3","down","up"
"P4HB","up","down"
"PABPC4L","down","up"
"PADI2","down","up"
"PAICS","up","down"
"PAIP2","up","down"
"PAIP2B","up","down"
"PAK1","down","up"
"PAK3","down","up"
"PALD1","down","up"
"PALLD","down","up"
"PAM16","up","down"
"PAOX","up","down"
"PAPLN","down","up"
"PAPPA","down","up"
"PAQR8","down","up"
"PARK7","up","down"
"PARP1","up","down"
"PARP9","up","down"
"PATZ1","up","down"
"PBK","up","down"
"PBLD","up","down"
"PBX1","down","up"
"PCBD1","up","down"
"PCBP2","up","down"
"PCBP4","down","up"
"PCCB","up","down"
"PCDH1","up","down"
"PCDH18","down","up"
"PCDH7","down","up"
"PCDHB3","down","up"
"PCDHGC3","down","up"
"PCM1","down","up"
"PCNA","up","down"
"PCNX3","up","down"
"PCSK5","down","up"
"PCSK6","up","down"
"PCTP","up","down"
"PCYT1B","down","up"
"PDCD2L","up","down"
"PDE10A","down","up"
"PDE3B","up","down"
"PDE4A","down","up"
"PDE4B","down","up"
"PDE5A","down","up"
"PDF","up","down"
"PDGFC","down","up"
"PDGFD","down","up"
"PDGFRA","down","up"
"PDHB","up","down"
"PDIA3","up","down"
"PDIA4","up","down"
"PDIA5","up","down"
"PDIA6","up","down"
"PDLIM4","down","up"
"PDLIM5","up","down"
"PDLIM7","down","up"
"PDPN","down","up"
"PDSS1","up","down"
"PDSS2","up","down"
"PDXP","up","down"
"PDZRN4","down","up"
"PEA15","down","up"
"PEAK1","down","up"
"PELI1","down","up"
"PELI2","down","up"
"PELO","down","up"
"PET100","up","down"
"PEX1","up","down"
"PEX5L","down","up"
"PFKL","up","down"
"PFKP","down","up"
"PGAM5","up","down"
"PGD","up","down"
"PGS1","down","up"
"PHB2","up","down"
"PHF1","down","up"
"PHF11","down","up"
"PHF19","down","up"
"PHKA2","up","down"
"PHLDA3","down","up"
"PHLDB1","down","up"
"PHLDB3","up","down"
"PHYH","up","down"
"PHYHIP","down","up"
"PI15","down","up"
"PI4K2B","up","down"
"PIGO","up","down"
"PIGW","up","down"
"PIK3R6","down","up"
"PINLYP","down","up"
"PIP5K1C","down","up"
"PIP5KL1","down","up"
"PITPNM1","down","up"
"PJA1","down","up"
"PKD2","down","up"
"PKNOX2","down","up"
"PLA1A","up","down"
"PLA2G12A","up","down"
"PLA2G4F","up","down"
"PLA2G5","down","up"
"PLAC9","down","up"
"PLAG1","down","up"
"PLAGL1","down","up"
"PLB1","down","up"
"PLBD1","down","up"
"PLCD3","down","up"
"PLCG2","down","up"
"PLCL1","down","up"
"PLCXD2","up","down"
"PLEKHA2","down","up"
"PLEKHA7","up","down"
"PLEKHG4B","down","up"
"PLEKHG5","down","up"
"PLEKHH2","down","up"
"PLEKHO1","down","up"
"PLK2","down","up"
"PLN","down","up"
"PLP2","down","up"
"PLTP","down","up"
"PMP22","down","up"
"PMPCA","up","down"
"PMPCB","up","down"
"PNKD","up","down"
"PNMA1","down","up"
"PNP","up","down"
"PNPO","up","down"
"POC1A","up","down"
"PODN","down","up"
"POF1B","down","up"
"POLD2","up","down"
"POLDIP2","up","down"
"POLE3","up","down"
"POLR1B","up","down"
"POLR2D","up","down"
"POLR2F","up","down"
"POLR3B","up","down"
"POLR3H","up","down"
"POM121L9P","down","up"
"POMP","up","down"
"POP7","up","down"
"POTEI","down","up"
"PPA1","up","down"
"PPA2","up","down"
"PPARD","down","up"
"PPAT","up","down"
"PPIA","up","down"
"PPIB","up","down"
"PPIL1","up","down"
"PPM1E","up","down"
"PPM1M","down","up"
"PPP1CC","up","down"
"PPP1R12A","down","up"
"PPP1R12B","down","up"
"PPP1R13L","down","up"
"PPP1R15A","down","up"
"PPP2R2A","up","down"
"PPP2R2B","down","up"
"PPP2R2D","up","down"
"PPP4R3B","up","down"
"PRCD","down","up"
"PRDM5","down","up"
"PRDM6","down","up"
"PRDM8","down","up"
"PRDX2","up","down"
"PRDX3","up","down"
"PRDX4","up","down"
"PRELID1","up","down"
"PRELP","down","up"
"PREP","up","down"
"PRG4","up","down"
"PRICKLE1","down","up"
"PRICKLE2","down","up"
"PRKCSH","up","down"
"PRKG1","down","up"
"PRKY","down","up"
"PRMT6","up","down"
"PRND","down","up"
"PROS1","up","down"
"PROX1","up","down"
"PRPH2","down","up"
"PRPSAP1","up","down"
"PRRT2","down","up"
"PRRX1","down","up"
"PRSS35","down","up"
"PRTFDC1","down","up"
"PSAT1","up","down"
"PSMA1","up","down"
"PSMA3","up","down"
"PSMA5","up","down"
"PSMA6","up","down"
"PSMA7","up","down"
"PSMB1","up","down"
"PSMB3","up","down"
"PSMB5","up","down"
"PSMB7","up","down"
"PSMD1","up","down"
"PSMD11","up","down"
"PSMD3","up","down"
"PSMD6","up","down"
"PSME2","up","down"
"PSMG4","up","down"
"PTCHD1","down","up"
"PTDSS1","up","down"
"PTGDR","down","up"
"PTGDS","down","up"
"PTGER2","down","up"
"PTGES3","up","down"
"PTGIS","down","up"
"PTGR1","up","down"
"PTN","down","up"
"PTPN14","down","up"
"PTPN3","up","down"
"PTPRH","down","up"
"PTPRM","down","up"
"PTPRQ","down","up"
"PTPRT","up","down"
"PTPRU","down","up"
"PTPRZ1","down","up"
"PTRH2","up","down"
"PTRHD1","up","down"
"PTS","up","down"
"PUS1","up","down"
"PUS10","up","down"
"PUS3","up","down"
"PYGB","down","up"
"PYURF","up","down"
"QTRT1","up","down"
"RAB17","up","down"
"RAB20","up","down"
"RAB26","up","down"
"RAB30","up","down"
"RAB34","down","up"
"RAB38","down","up"
"RAB40A","down","up"
"RAB43","up","down"
"RAB7B","down","up"
"RAB9B","down","up"
"RAC3","up","down"
"RACK1","up","down"
"RAD23B","up","down"
"RAD51B","down","up"
"RAI1","down","up"
"RAI2","down","up"
"RALGAPA2","up","down"
"RAMP2","down","up"
"RANBP1","up","down"
"RAPGEF1","down","up"
"RARB","down","up"
"RARG","down","up"
"RASA3","down","up"
"RASA4","down","up"
"RASA4B","down","up"
"RASD1","down","up"
"RASGRF1","down","up"
"RASGRF2","down","up"
"RASL11B","down","up"
"RASL12","down","up"
"RASSF4","down","up"
"RASSF8","down","up"
"RAVER2","down","up"
"RBCK1","up","down"
"RBM7","up","down"
"RBMS1","down","up"
"RBMS2","down","up"
"RBMS3","down","up"
"RBP1","down","up"
"RBP7","down","up"
"RBPMS","down","up"
"RBPMS2","down","up"
"RBX1","up","down"
"RCAN2","down","up"
"RCAN3","down","up"
"RCC1L","up","down"
"RCL1","up","down"
"RDH11","up","down"
"RECK","down","up"
"RELN","up","down"
"REM2","down","up"
"REPIN1","up","down"
"REPS2","up","down"
"RERG","down","up"
"RET","up","down"
"RFFL","up","down"
"RFK","up","down"
"RFT1","up","down"
"RGCC","down","up"
"RGMB","up","down"
"RGPD2","down","up"
"RGPD3","up","down"
"RGS9","down","up"
"RGSL1","down","up"
"RHOBTB1","down","up"
"RHOJ","down","up"
"RHOQ","down","up"
"RHOU","up","down"
"RIC3","down","up"
"RIMKLB","down","up"
"RIMS2","up","down"
"RIMS3","down","up"
"RIN1","down","up"
"RIPK3","down","up"
"RITA1","up","down"
"RMI1","up","down"
"RMND1","up","down"
"RMST","down","up"
"RN7SK","up","down"
"RNASE7","down","up"
"RNASEH2C","up","down"
"RNF112","down","up"
"RNF122","down","up"
"RNF125","up","down"
"RNF150","down","up"
"RNF182","down","up"
"RNF207","down","up"
"ROBO1","down","up"
"ROBO3","down","up"
"ROMO1","up","down"
"ROR1","down","up"
"ROR2","down","up"
"RORC","up","down"
"RPA3","up","down"
"RPF2","up","down"
"RPH3AL","up","down"
"RPL10","up","down"
"RPL10A","up","down"
"RPL11","up","down"
"RPL13","up","down"
"RPL13A","up","down"
"RPL13AP20","up","down"
"RPL14","up","down"
"RPL15","up","down"
"RPL17","up","down"
"RPL18","up","down"
"RPL18A","up","down"
"RPL19","up","down"
"RPL21","up","down"
"RPL22","up","down"
"RPL22L1","up","down"
"RPL23","up","down"
"RPL23A","up","down"
"RPL24","up","down"
"RPL26","up","down"
"RPL26L1","up","down"
"RPL27","up","down"
"RPL27A","up","down"
"RPL28","up","down"
"RPL29","up","down"
"RPL3","up","down"
"RPL30","up","down"
"RPL31","up","down"
"RPL32","up","down"
"RPL34","up","down"
"RPL35","up","down"
"RPL35A","up","down"
"RPL36","up","down"
"RPL37","up","down"
"RPL37A","up","down"
"RPL38","up","down"
"RPL39","up","down"
"RPL4","up","down"
"RPL41","up","down"
"RPL5","up","down"
"RPL6","up","down"
"RPL7","up","down"
"RPL7A","up","down"
"RPL7L1","up","down"
"RPL8","up","down"
"RPLP0","up","down"
"RPLP1","up","down"
"RPLP2","up","down"
"RPN1","up","down"
"RPN2","up","down"
"RPP25L","up","down"
"RPP40","up","down"
"RPRD1B","up","down"
"RPS10","up","down"
"RPS11","up","down"
"RPS12","up","down"
"RPS13","up","down"
"RPS14","up","down"
"RPS15","up","down"
"RPS15A","up","down"
"RPS16","up","down"
"RPS17","up","down"
"RPS18","up","down"
"RPS19","up","down"
"RPS19BP1","up","down"
"RPS2","up","down"
"RPS20","up","down"
"RPS21","up","down"
"RPS23","up","down"
"RPS24","up","down"
"RPS25","up","down"
"RPS27","up","down"
"RPS27A","up","down"
"RPS28","up","down"
"RPS29","up","down"
"RPS3","up","down"
"RPS3A","up","down"
"RPS4X","up","down"
"RPS5","up","down"
"RPS6","up","down"
"RPS6KA5","down","up"
"RPS6KB2","up","down"
"RPS7","up","down"
"RPS8","up","down"
"RPSA","up","down"
"RPTOR","down","up"
"RRAS","down","up"
"RRN3P2","down","up"
"RSAD1","up","down"
"RSL24D1","up","down"
"RTN4RL2","up","down"
"RUSC2","down","up"
"RUVBL2","up","down"
"RYR2","down","up"
"S100A1","up","down"
"S100A6","down","up"
"SAA1","up","down"
"SAA2","up","down"
"SAC3D1","up","down"
"SACS","down","up"
"SAMD11","down","up"
"SAMD5","up","down"
"SAMD9","down","up"
"SAMM50","up","down"
"SAP18","up","down"
"SAT1","up","down"
"SBSPON","down","up"
"SCAMP3","up","down"
"SCAND1","up","down"
"SCARB1","up","down"
"SCARB2","up","down"
"SCG2","down","up"
"SCN2A","up","down"
"SCN2B","down","up"
"SCN3A","down","up"
"SCN7A","down","up"
"SCNN1A","down","up"
"SCOC","up","down"
"SCP2","up","down"
"SCPEP1","down","up"
"SCRN1","down","up"
"SCUBE2","down","up"
"SDF2L1","up","down"
"SDHAF1","up","down"
"SDHAF3","up","down"
"SDHB","up","down"
"SDS","up","down"
"SDSL","up","down"
"SEC11A","up","down"
"SEC11C","up","down"
"SEC14L6","down","up"
"SEC16A","up","down"
"SEC23B","up","down"
"SEC24A","up","down"
"SEC61A1","up","down"
"SEC61B","up","down"
"SEC61G","up","down"
"SECTM1","down","up"
"SEL1L","up","down"
"SELENOH","up","down"
"SELENOI","up","down"
"SELENOM","down","up"
"SEMA3A","down","up"
"SEMA3B","down","up"
"SEMA3C","down","up"
"SEMA3D","down","up"
"SEMA3F","down","up"
"SEMA4B","up","down"
"SEMA4D","down","up"
"SEMA4F","down","up"
"SEMA7A","down","up"
"SEPHS2","up","down"
"SERBP1","up","down"
"SERF2","up","down"
"SERINC5","up","down"
"SERP1","up","down"
"SERPINA11","up","down"
"SERPINA3","up","down"
"SERPINB1","down","up"
"SERPINE2","down","up"
"SET","up","down"
"SETBP1","down","up"
"SF3B6","up","down"
"SFMBT2","down","up"
"SFXN2","up","down"
"SFXN3","down","up"
"SFXN4","up","down"
"SGCA","down","up"
"SGCB","down","up"
"SGCD","down","up"
"SGMS2","up","down"
"SGSM2","down","up"
"SH2D2A","down","up"
"SH2D3A","down","up"
"SH2D3C","down","up"
"SH2D4A","up","down"
"SH3BGRL","down","up"
"SH3BP1","down","up"
"SH3BP5","down","up"
"SH3GL3","down","up"
"SH3PXD2B","down","up"
"SHC3","down","up"
"SHH","up","down"
"SHMT2","up","down"
"SHPK","up","down"
"SHROOM4","down","up"
"SIGIRR","up","down"
"SIK1","down","up"
"SIL1","up","down"
"SLBP","up","down"
"SLC12A4","down","up"
"SLC13A3","up","down"
"SLC16A1","up","down"
"SLC18B1","down","up"
"SLC19A1","up","down"
"SLC19A2","up","down"
"SLC22A10","up","down"
"SLC22A15","down","up"
"SLC22A17","down","up"
"SLC22A23","up","down"
"SLC24A3","down","up"
"SLC25A10","up","down"
"SLC25A13","up","down"
"SLC25A15","up","down"
"SLC25A17","up","down"
"SLC25A22","up","down"
"SLC25A25","up","down"
"SLC25A27","up","down"
"SLC25A3","up","down"
"SLC25A33","up","down"
"SLC25A39","up","down"
"SLC25A42","up","down"
"SLC25A48","up","down"
"SLC25A5","up","down"
"SLC26A1","up","down"
"SLC26A10","down","up"
"SLC27A2","up","down"
"SLC27A5","up","down"
"SLC2A10","up","down"
"SLC30A5","up","down"
"SLC33A1","up","down"
"SLC35A3","up","down"
"SLC35B1","up","down"
"SLC35F1","down","up"
"SLC38A1","down","up"
"SLC38A11","up","down"
"SLC39A10","down","up"
"SLC39A14","up","down"
"SLC39A7","up","down"
"SLC39A8","up","down"
"SLC39A9","up","down"
"SLC3A1","up","down"
"SLC41A1","down","up"
"SLC43A1","up","down"
"SLC44A4","up","down"
"SLC45A4","down","up"
"SLC46A1","up","down"
"SLC4A11","down","up"
"SLC4A3","down","up"
"SLC4A4","up","down"
"SLC50A1","up","down"
"SLC52A1","down","up"
"SLC5A6","up","down"
"SLC6A1","up","down"
"SLC6A6","down","up"
"SLC9A1","down","up"
"SLCO1A2","up","down"
"SLCO1B3","up","down"
"SLCO1B7","up","down"
"SLCO3A1","down","up"
"SLCO5A1","down","up"
"SLFN12","down","up"
"SLFN13","down","up"
"SLIRP","up","down"
"SLIT2","down","up"
"SLIT3","down","up"
"SLPI","up","down"
"SMAD3","down","up"
"SMARCD3","down","up"
"SMCO4","up","down"
"SMG6","down","up"
"SMIM10","down","up"
"SMIM14","up","down"
"SMIM20","up","down"
"SMIM4","up","down"
"SMPD3","up","down"
"SNAP25","down","up"
"SNAP29","up","down"
"SNCAIP","down","up"
"SNCG","down","up"
"SNF8","up","down"
"SNHG16","up","down"
"SNHG8","up","down"
"SNHG9","up","down"
"SNPH","down","up"
"SNRPB","up","down"
"SNRPD2","up","down"
"SNRPD3","up","down"
"SNRPE","up","down"
"SNRPF","up","down"
"SNRPG","up","down"
"SNTG2","down","up"
"SNX10","up","down"
"SNX4","up","down"
"SNX5","up","down"
"SOBP","down","up"
"SOD3","down","up"
"SOGA3","down","up"
"SOWAHB","up","down"
"SOX6","down","up"
"SP100","down","up"
"SP140L","down","up"
"SPACA6","down","up"
"SPAG5","up","down"
"SPARCL1","down","up"
"SPATA18","down","up"
"SPATA24","up","down"
"SPATA6","down","up"
"SPECC1","down","up"
"SPG21","up","down"
"SPIB","down","up"
"SPON1","down","up"
"SPRED1","down","up"
"SPRY1","down","up"
"SPRYD4","up","down"
"SPTAN1","down","up"
"SPTBN2","up","down"
"SRD5A1","up","down"
"SREBF1","up","down"
"SRP19","up","down"
"SRP54","up","down"
"SRP72","up","down"
"SRPK1","up","down"
"SRPRB","up","down"
"SRRM3","down","up"
"SRSF9","up","down"
"SS18L1","up","down"
"SS18L2","up","down"
"SSBP1","up","down"
"SSPN","down","up"
"SSR4","up","down"
"SSRP1","up","down"
"SSTR1","up","down"
"SSU72","up","down"
"ST7","up","down"
"ST8SIA1","down","up"
"STARD7","up","down"
"STARD9","down","up"
"STEAP1","up","down"
"STEAP3","up","down"
"STK16","up","down"
"STK24","down","up"
"STK32A","down","up"
"STK32B","down","up"
"STK35","up","down"
"STMN3","down","up"
"STOML2","up","down"
"STPG1","down","up"
"STRAP","up","down"
"STT3A","up","down"
"STUM","down","up"
"STX7","down","up"
"SUCNR1","up","down"
"SUGCT","up","down"
"SULT1A1","up","down"
"SULT2B1","down","up"
"SURF4","up","down"
"SV2A","down","up"
"SVIL","down","up"
"SYBU","up","down"
"SYDE1","down","up"
"SYNGAP1","down","up"
"SYNGR1","down","up"
"SYNJ2BP","up","down"
"SYNPO2","down","up"
"SYT11","down","up"
"SYTL1","down","up"
"SYTL3","down","up"
"TACC1","down","up"
"TACC2","down","up"
"TAF6L","up","down"
"TAF7","up","down"
"TAF9","up","down"
"TALDO1","up","down"
"TARBP2","up","down"
"TAX1BP3","down","up"
"TBC1D16","up","down"
"TBC1D9B","up","down"
"TBCA","up","down"
"TBKBP1","down","up"
"TBRG4","up","down"
"TBX15","up","down"
"TBX19","down","up"
"TBX2","down","up"
"TCEA3","up","down"
"TCEAL3","down","up"
"TCEAL7","down","up"
"TCF4","down","up"
"TDO2","up","down"
"TDRD7","down","up"
"TEAD2","down","up"
"TEN1","up","down"
"TEPP","down","up"
"TES","down","up"
"TFAM","up","down"
"TFB2M","up","down"
"TFCP2L1","down","up"
"TFDP1","up","down"
"TGFB1I1","down","up"
"TGFB2","down","up"
"TGFB3","down","up"
"THADA","up","down"
"THAP4","up","down"
"THEM6","up","down"
"THNSL1","up","down"
"THOC3","up","down"
"THOC7","up","down"
"THRA","down","up"
"THRB","up","down"
"THSD7B","down","up"
"TIE1","down","up"
"TIFA","up","down"
"TIGD2","up","down"
"TIMELESS","up","down"
"TIMM10","up","down"
"TIMM13","up","down"
"TIMM17A","up","down"
"TIMM23","up","down"
"TIMM8A","up","down"
"TIMM8B","up","down"
"TIMM9","up","down"
"TIMMDC1","up","down"
"TIMP2","down","up"
"TINCR","down","up"
"TK1","up","down"
"TK2","up","down"
"TKFC","up","down"
"TKT","up","down"
"TLCD1","up","down"
"TLDC2","down","up"
"TLL1","down","up"
"TLR5","down","up"
"TM7SF2","up","down"
"TMA7","up","down"
"TMBIM1","down","up"
"TMED2","up","down"
"TMEM106A","down","up"
"TMEM129","up","down"
"TMEM132C","down","up"
"TMEM134","up","down"
"TMEM135","up","down"
"TMEM150C","up","down"
"TMEM158","down","up"
"TMEM161A","up","down"
"TMEM167A","up","down"
"TMEM183A","up","down"
"TMEM198B","down","up"
"TMEM200B","down","up"
"TMEM200C","down","up"
"TMEM205","up","down"
"TMEM208","up","down"
"TMEM233","down","up"
"TMEM237","down","up"
"TMEM238","up","down"
"TMEM252","down","up"
"TMEM256","up","down"
"TMEM258","up","down"
"TMEM43","down","up"
"TMEM51","down","up"
"TMEM51-AS1","down","up"
"TMEM52","up","down"
"TMEM88","down","up"
"TMEM92-AS1","down","up"
"TMEM97","up","down"
"TMOD2","down","up"
"TMSB15B","down","up"
"TMTC4","up","down"
"TNC","down","up"
"TNFAIP3","down","up"
"TNFAIP8","down","up"
"TNFRSF10C","down","up"
"TNFRSF19","down","up"
"TNFRSF25","down","up"
"TNFSF10","up","down"
"TNFSF11","down","up"
"TNIK","down","up"
"TNN","up","down"
"TNS1","down","up"
"TOM1L1","up","down"
"TOMM20","up","down"
"TOMM22","up","down"
"TOMM40","up","down"
"TOMM5","up","down"
"TOMM70","up","down"
"TOP2B","up","down"
"TOR1B","up","down"
"TPBG","down","up"
"TPI1","up","down"
"TPM1","down","up"
"TPM2","down","up"
"TPM4","down","up"
"TPRN","up","down"
"TPT1","up","down"
"TPTEP1","down","up"
"TRAF1","down","up"
"TRAF5","down","up"
"TRAF7","up","down"
"TRAM2","up","down"
"TRAP1","up","down"
"TRAPPC5","up","down"
"TRAPPC6A","up","down"
"TRERF1","down","up"
"TRG-AS1","down","up"
"TRIB1","up","down"
"TRIB3","up","down"
"TRIM22","down","up"
"TRIM63","down","up"
"TRIM9","down","up"
"TRIOBP","down","up"
"TRIP10","down","up"
"TRMT10A","up","down"
"TRMT10C","up","down"
"TRNP1","down","up"
"TRO","down","up"
"TRPC1","down","up"
"TRPC4","down","up"
"TRPC6","down","up"
"TRPM4","up","down"
"TRPM8","up","down"
"TRPS1","down","up"
"TRPT1","up","down"
"TRUB2","up","down"
"TSFM","up","down"
"TSHZ3","down","up"
"TSPAN1","up","down"
"TSPAN18","down","up"
"TSPAN32","down","up"
"TSPOAP1-AS1","down","up"
"TSPYL2","down","up"
"TSPYL4","down","up"
"TSPYL5","down","up"
"TSTD1","up","down"
"TTC36","up","down"
"TTC38","up","down"
"TTLL12","up","down"
"TTLL3","down","up"
"TTLL5","down","up"
"TTR","up","down"
"TTYH2","down","up"
"TUBA1A","down","up"
"TUBA4A","down","up"
"TUBB2A","up","down"
"TUBB4B","up","down"
"TUBB6","down","up"
"TUBG2","down","up"
"TUFM","up","down"
"TUSC1","up","down"
"TUT1","up","down"
"TVP23A","down","up"
"TWF1","up","down"
"TWIST2","down","up"
"TWSG1","down","up"
"TXNDC16","up","down"
"TXNDC17","up","down"
"TXNL1","up","down"
"TXNL4A","up","down"
"TXNRD3","up","down"
"TYSND1","up","down"
"UAP1","up","down"
"UBA52","up","down"
"UBE2E3","up","down"
"UBE2G1","up","down"
"UBE2H","up","down"
"UBE2K","up","down"
"UBE2Q2P1","down","up"
"UBE2R2","up","down"
"UBXN8","up","down"
"UCHL5","up","down"
"UFC1","up","down"
"UFSP1","up","down"
"UGDH","up","down"
"UGGT1","up","down"
"UGT1A1","up","down"
"UGT1A3","up","down"
"UGT2B15","up","down"
"UGT2B4","up","down"
"UHRF2","down","up"
"UMPS","up","down"
"UNC13B","up","down"
"UNC5B","down","up"
"UNC5C","down","up"
"UNC93A","up","down"
"UNG","up","down"
"UNQ6494","up","down"
"UQCC2","up","down"
"UQCC3","up","down"
"UQCR11","up","down"
"UQCRB","up","down"
"UQCRC1","up","down"
"UQCRC2","up","down"
"UQCRFS1","up","down"
"UQCRH","up","down"
"UQCRQ","up","down"
"URI1","up","down"
"UROS","up","down"
"USF3","up","down"
"USP11","down","up"
"USP44","down","up"
"UTP15","up","down"
"UTP3","up","down"
"VAMP1","down","up"
"VANGL2","down","up"
"VBP1","up","down"
"VCP","up","down"
"VDAC1","up","down"
"VEGFC","down","up"
"VEPH1","down","up"
"VGLL3","down","up"
"VILL","down","up"
"VKORC1L1","up","down"
"VPS26B","up","down"
"VSIG2","down","up"
"VTCN1","down","up"
"VTI1B","up","down"
"WASL","up","down"
"WDR12","up","down"
"WDR3","up","down"
"WDR47","down","up"
"WDR55","up","down"
"WDR72","up","down"
"WDR91","down","up"
"WFDC2","down","up"
"WFS1","down","up"
"WIPF1","down","up"
"WIPF3","down","up"
"WNT10A","down","up"
"WNT2B","down","up"
"WRNIP1","up","down"
"WSB1","down","up"
"WWP1","up","down"
"WWTR1","down","up"
"XAF1","down","up"
"XBP1","up","down"
"XIAP","up","down"
"XKR4","down","up"
"XPNPEP3","up","down"
"XRCC5","up","down"
"XYLB","up","down"
"XYLT1","down","up"
"YBEY","up","down"
"YEATS4","up","down"
"YES1","up","down"
"YIF1A","up","down"
"YIPF1","up","down"
"YOD1","up","down"
"YTHDF2","up","down"
"YTHDF3-AS1","up","down"
"YWHAE","up","down"
"YWHAQ","up","down"
"ZBED1","up","down"
"ZBTB10","up","down"
"ZBTB18","up","down"
"ZBTB4","down","up"
"ZBTB47","down","up"
"ZC3H7B","up","down"
"ZCCHC9","up","down"
"ZCWPW2","down","up"
"ZDHHC1","down","up"
"ZDHHC15","down","up"
"ZDHHC9","up","down"
"ZEB2","down","up"
"ZFAND1","up","down"
"ZFAND4","up","down"
"ZKSCAN8","down","up"
"ZMPSTE24","up","down"
"ZNF154","down","up"
"ZNF160","down","up"
"ZNF185","down","up"
"ZNF22","up","down"
"ZNF24","up","down"
"ZNF25","down","up"
"ZNF252P","up","down"
"ZNF273","down","up"
"ZNF275","up","down"
"ZNF277","up","down"
"ZNF281","up","down"
"ZNF331","down","up"
"ZNF333","down","up"
"ZNF337","down","up"
"ZNF383","down","up"
"ZNF385A","down","up"
"ZNF385B","up","down"
"ZNF423","down","up"
"ZNF430","down","up"
"ZNF454","down","up"
"ZNF462","down","up"
"ZNF469","down","up"
"ZNF483","down","up"
"ZNF503-AS1","down","up"
"ZNF511","up","down"
"ZNF532","down","up"
"ZNF540","down","up"
"ZNF542P","up","down"
"ZNF587B","up","down"
"ZNF589","down","up"
"ZNF593","up","down"
"ZNF622","up","down"
"ZNF652","up","down"
"ZNF655","down","up"
"ZNF660","down","up"
"ZNF671","down","up"
"ZNF680","up","down"
"ZNF699","down","up"
"ZNF702P","down","up"
"ZNF711","down","up"
"ZNF727","down","up"
"ZNF770","up","down"
"ZNF781","down","up"
"ZNF804A","down","up"
"ZNF827","down","up"
"ZNF853","down","up"
"ZNF99","down","up"
"ZNHIT3","up","down"
"ZNRF2","up","down"
"ZSCAN18","down","up"
"ZW10","up","down"
"ZYX","down","up"
