"Gene_symbol","PC_Direction","NASH_Direction"
"A1BG-AS1","down","up"
"ABCA1","up","down"
"ABCA2","up","down"
"ABCC3","up","down"
"ABCC6P2","down","up"
"ABCG1","up","down"
"ABHD17B","up","down"
"ACAD10","up","down"
"ACADSB","up","down"
"ACKR3","down","up"
"ACOT1","down","up"
"ACOT11","down","up"
"ACSBG1","down","up"
"ACSL4","down","up"
"ACSL5","up","down"
"ACSM1","up","down"
"ACSM3","up","down"
"ACTR8","up","down"
"ACVR2B","up","down"
"ADAM9","up","down"
"ADAMTS15","down","up"
"ADAMTS4","down","up"
"ADAMTS9-AS2","down","up"
"ADCY2","down","up"
"ADGRA3","up","down"
"ADGRF5","up","down"
"ADGRG2","down","up"
"ADGRG3","down","up"
"ADH6","up","down"
"ADIRF","down","up"
"AFF1","up","down"
"AGAP1","up","down"
"AGFG2","up","down"
"AGPAT3","up","down"
"AGPAT5","up","down"
"AGTR1","up","down"
"AHCY","up","down"
"AIFM2","down","up"
"AJUBA","down","up"
"AK1","down","up"
"AKR1D1","up","down"
"ALDH1A2","down","up"
"ALDH1L1","up","down"
"ALDH3A1","down","up"
"ALDH6A1","up","down"
"ALG1L9P","down","up"
"ALOX12P2","down","up"
"ALPL","up","down"
"ALS2CL","down","up"
"ANAPC1","up","down"
"ANGEL1","up","down"
"ANGPT4","down","up"
"ANGPTL7","down","up"
"ANKDD1A","down","up"
"ANKRD20A1","down","up"
"ANXA1","down","up"
"ANXA2","down","up"
"ANXA8","down","up"
"AP1AR","up","down"
"AP1S2","up","down"
"AP3B2","down","up"
"AP4S1","down","up"
"APBA1","up","down"
"APOBEC3G","down","up"
"APOD","up","down"
"APOF","up","down"
"APOL1","down","up"
"AQP1","down","up"
"ARHGAP18","up","down"
"ARHGEF26","up","down"
"ARL10","down","up"
"ARL15","up","down"
"ARL4A","down","up"
"ARMC10","up","down"
"ARPC1A","up","down"
"ARSJ","down","up"
"AS3MT","down","up"
"ASAP2","up","down"
"ASB13","up","down"
"ASB3","down","up"
"ASB9","up","down"
"ATAD3C","down","up"
"ATCAY","down","up"
"ATF3","down","up"
"ATF7","up","down"
"ATG5","down","up"
"ATG9B","up","down"
"ATP11A","up","down"
"ATP13A1","up","down"
"ATP13A2","up","down"
"ATP13A3","up","down"
"ATP6V0E2","up","down"
"ATP7B","up","down"
"ATP8A1","up","down"
"ATP8B1","down","up"
"B3GALT2","down","up"
"B3GAT1","up","down"
"B4GALNT1","down","up"
"B4GALT6","down","up"
"BAALC","up","down"
"BAAT","up","down"
"BAIAP3","up","down"
"BBOX1","up","down"
"BBX","down","up"
"BCAM","up","down"
"BCDIN3D-AS1","down","up"
"BCKDHA","up","down"
"BCL11A","down","up"
"BCL6","up","down"
"BCL7C","down","up"
"BCL9","up","down"
"BCOR","up","down"
"BCORP1","down","up"
"BCS1L","up","down"
"BDH1","up","down"
"BDH2","down","up"
"BDKRB2","down","up"
"BEND6","down","up"
"BHLHA15","up","down"
"BIN3","down","up"
"BLNK","up","down"
"BNIPL","down","up"
"BRI3","up","down"
"BST2","down","up"
"BTG1","down","up"
"BTN2A3P","down","up"
"C10orf82","down","up"
"C11orf21","down","up"
"C11orf71","up","down"
"C11orf96","up","down"
"C12orf75","down","up"
"C15orf61","up","down"
"C16orf70","up","down"
"C16orf89","down","up"
"C1orf220","down","up"
"C3AR1","up","down"
"C4A","up","down"
"C5orf49","up","down"
"CACNA2D3","down","up"
"CALCA","down","up"
"CAMK1D","down","up"
"CANT1","up","down"
"CAP2","down","up"
"CAPG","down","up"
"CARNMT1","up","down"
"CASP2","up","down"
"CBFB","up","down"
"CBS","up","down"
"CBX4","up","down"
"CCDC107","down","up"
"CCDC115","down","up"
"CCDC146","down","up"
"CCDC148","down","up"
"CCDC181","down","up"
"CCDC6","up","down"
"CCDC8","down","up"
"CCDC80","down","up"
"CCDC88A","down","up"
"CCM2","down","up"
"CCSER1","up","down"
"CD109","down","up"
"CD2AP","up","down"
"CD302","up","down"
"CD59","down","up"
"CDC37L1","down","up"
"CDC42EP3","down","up"
"CDH3","down","up"
"CDH6","down","up"
"CDK19","up","down"
"CDKL1","down","up"
"CDKL5","down","up"
"CEBPB-AS1","down","up"
"CEBPD","up","down"
"CECR2","up","down"
"CELF1","up","down"
"CENPO","up","down"
"CEP126","down","up"
"CERCAM","down","up"
"CERK","down","up"
"CERS5","down","up"
"CES1","down","up"
"CETN2","down","up"
"CFP","up","down"
"CFTR","down","up"
"CGN","up","down"
"CHD9","down","up"
"CHDH","up","down"
"CHMP2B","down","up"
"CHN2","up","down"
"CHRD","up","down"
"CHRNA7","down","up"
"CHRNB1","down","up"
"CHST6","down","up"
"CHST9","down","up"
"CIDEC","down","up"
"CLCN3","up","down"
"CLDN11","down","up"
"CLEC14A","down","up"
"CLIC6","down","up"
"CLMP","down","up"
"CLPX","up","down"
"CLUHP3","down","up"
"CNNM3","up","down"
"CNOT1","up","down"
"CNOT6","up","down"
"CNPY4","down","up"
"CNST","up","down"
"CNTN2","down","up"
"CNTNAP1","down","up"
"COBL","up","down"
"COBLL1","up","down"
"COL14A1","down","up"
"COL16A1","down","up"
"COL4A3","down","up"
"COL4A6","down","up"
"COL5A1","down","up"
"COL5A3","down","up"
"COLGALT1","up","down"
"COPA","up","down"
"COPZ2","down","up"
"COQ8A","up","down"
"CORO1B","up","down"
"COTL1","up","down"
"COX7A1","down","up"
"CPD","up","down"
"CPEB1","down","up"
"CPLX1","up","down"
"CPM","down","up"
"CPNE2","up","down"
"CPNE3","up","down"
"CPSF7","up","down"
"CPXM1","down","up"
"CREB3L4","up","down"
"CRIP3","down","up"
"CRYAB","down","up"
"CRYL1","up","down"
"CSF3R","up","down"
"CSMD3","down","up"
"CSNK2A1","up","down"
"CSPG4","down","up"
"CTBP1","up","down"
"CTSLP2","down","up"
"CTSO","up","down"
"CUBN","down","up"
"CUL4B","up","down"
"CUL7","up","down"
"CXCL2","up","down"
"CXCR2","up","down"
"CYB5R2","down","up"
"CYC1","up","down"
"CYFIP2","up","down"
"CYP27C1","down","up"
"CYP4F22","down","up"
"CYS1","down","up"
"CYTH3","up","down"
"DACT3","down","up"
"DAG1","up","down"
"DANCR","up","down"
"DAPK1","up","down"
"DARS2","up","down"
"DBI","down","up"
"DCAF6","up","down"
"DCTD","up","down"
"DCXR","up","down"
"DDB2","down","up"
"DDX39B","down","up"
"DEAF1","up","down"
"DEFB1","down","up"
"DEGS1","up","down"
"DENND1A","up","down"
"DENND4C","up","down"
"DFFB","up","down"
"DHRS9","down","up"
"DIAPH1","up","down"
"DIAPH2","up","down"
"DICER1","up","down"
"DICER1-AS1","up","down"
"DKK3","down","up"
"DMC1","down","up"
"DMKN","down","up"
"DMRTA1","up","down"
"DNAJA3","up","down"
"DNAJB4","down","up"
"DNAJB5","down","up"
"DNAJC11","up","down"
"DNAJC12","up","down"
"DNAJC5","up","down"
"DNM1P46","down","up"
"DNMBP","up","down"
"DOCK4","up","down"
"DOK7","down","up"
"DPT","down","up"
"DPYSL2","down","up"
"DPYSL3","down","up"
"DSC2","up","down"
"DSTNP2","down","up"
"DTX2","down","up"
"DUOX2","down","up"
"DUS1L","up","down"
"DUSP1","down","up"
"DUSP7","up","down"
"DVL1","up","down"
"DXO","up","down"
"EBF1","down","up"
"EBLN2","down","up"
"EDEM1","up","down"
"EDIL3","down","up"
"EEF2","up","down"
"EFCAB3","down","up"
"EFEMP1","down","up"
"EFNA5","down","up"
"EFNB2","up","down"
"EHD4","down","up"
"EIF2A","up","down"
"EIF2S3","up","down"
"EIF3C","up","down"
"EIF4A3","up","down"
"EIF4B","up","down"
"ELK1","up","down"
"EMBP1","up","down"
"EMID1","down","up"
"EML2","down","up"
"EML4","up","down"
"EMP1","down","up"
"EMP3","down","up"
"EMX2OS","down","up"
"ENPP1","up","down"
"ENPP2","down","up"
"ENPP3","up","down"
"ENTPD1","down","up"
"ENTPD3","down","up"
"EPB41","up","down"
"EPB41L5","up","down"
"EPDR1","down","up"
"EPHB6","down","up"
"EPSTI1","down","up"
"ERG","up","down"
"ERN2","down","up"
"ESRP2","up","down"
"ETV4","down","up"
"EYA3","up","down"
"F12","up","down"
"F5","up","down"
"FAIM2","down","up"
"FAM120A","up","down"
"FAM153A","down","up"
"FAM153B","down","up"
"FAM160A1","up","down"
"FAM171A1","up","down"
"FAM174B","up","down"
"FAM222B","up","down"
"FAM228B","down","up"
"FAM229B","down","up"
"FAM86B3P","down","up"
"FAM95B1","down","up"
"FARP1","up","down"
"FAXC","down","up"
"FBLIM1","down","up"
"FBXO17","down","up"
"FBXO2","down","up"
"FBXO46","up","down"
"FCF1","down","up"
"FCGR3A","up","down"
"FDFT1","down","up"
"FECH","up","down"
"FER1L5","down","up"
"FGF2","down","up"
"FGF7","down","up"
"FGFRL1","up","down"
"FHL2","down","up"
"FKBP1A","up","down"
"FKBP9P1","down","up"
"FLRT2","down","up"
"FLRT3","down","up"
"FLT1","up","down"
"FMNL2","up","down"
"FMO5","up","down"
"FNIP2","up","down"
"FOLH1","up","down"
"FOLR1","down","up"
"FOXD2","down","up"
"FOXN2","up","down"
"FOXRED2","up","down"
"FPR1","up","down"
"FPR2","up","down"
"FREM2","down","up"
"FRK","up","down"
"FRRS1L","down","up"
"FST","down","up"
"FUT2","down","up"
"FXYD2","down","up"
"FZD3","down","up"
"FZD4","up","down"
"G3BP2","up","down"
"GAA","up","down"
"GABRE","down","up"
"GAS6","down","up"
"GBP1P1","down","up"
"GCAT","up","down"
"GCH1","up","down"
"GCNT1","up","down"
"GCNT4","down","up"
"GEMIN4","up","down"
"GGT6","down","up"
"GIGYF2","up","down"
"GIPR","down","up"
"GJB1","up","down"
"GJC1","down","up"
"GLDN","down","up"
"GLYCTK","up","down"
"GNAI1","up","down"
"GNAL","down","up"
"GNE","up","down"
"GNG4","down","up"
"GOLGA2P5","up","down"
"GOLGA8R","down","up"
"GOLGB1","up","down"
"GOLPH3L","up","down"
"GPR137B","up","down"
"GPR37L1","down","up"
"GPR85","down","up"
"GPR88","up","down"
"GPR89B","up","down"
"GPSM2","down","up"
"GPX2","down","up"
"GRAMD1A","up","down"
"GRAMD4","up","down"
"GRHL1","down","up"
"GRIA3","down","up"
"GRID1","down","up"
"GRK2","up","down"
"GRM7","up","down"
"GSK3B","up","down"
"GSN","down","up"
"GSTO2","down","up"
"GTF2I","up","down"
"GTPBP6","up","down"
"GXYLT1","up","down"
"HABP2","up","down"
"HACD1","down","up"
"HACD2","up","down"
"HADH","up","down"
"HAND2-AS1","down","up"
"HBA2","down","up"
"HBB","down","up"
"HDAC1","up","down"
"HDAC9","up","down"
"HDC","down","up"
"HDLBP","up","down"
"HEATR1","up","down"
"HEATR5B","up","down"
"HECTD4","up","down"
"HERC3","up","down"
"HEY2","up","down"
"HFE","down","up"
"HHAT","down","up"
"HHIPL1","up","down"
"HID1","up","down"
"HIF3A","down","up"
"HIGD1A","down","up"
"HIP1","up","down"
"HIPK2","up","down"
"HK2","up","down"
"HK3","up","down"
"HLCS","up","down"
"HMGN4","down","up"
"HMGN5","down","up"
"HMOX1","up","down"
"HNRNPU","up","down"
"HOOK2","up","down"
"HPCAL1","up","down"
"HPN","up","down"
"HPS1","down","up"
"HSD17B11","up","down"
"HSD17B7","down","up"
"HSPA4L","down","up"
"HTR2B","up","down"
"HTRA1","down","up"
"IAPP","up","down"
"IARS2","up","down"
"ICA1L","down","up"
"ICAM1","up","down"
"ICAM3","up","down"
"ICE2","up","down"
"IDI1","down","up"
"IDUA","up","down"
"IFI27","down","up"
"IFI27L2","down","up"
"IFNAR1","up","down"
"IFT140","up","down"
"IFT43","down","up"
"IGDCC4","down","up"
"IGFBP6","down","up"
"IGSF1","down","up"
"IGSF8","up","down"
"IL17RB","up","down"
"IL1RL1","down","up"
"ILDR2","down","up"
"INHBE","down","up"
"INPP5F","down","up"
"INTS8","up","down"
"INTU","down","up"
"IP6K3","down","up"
"IPO4","up","down"
"IQGAP2","up","down"
"IRF3","down","up"
"ITGA3","down","up"
"ITGB8","down","up"
"ITIH2","up","down"
"ITPR2","up","down"
"IVD","up","down"
"JUN","down","up"
"KAZN","up","down"
"KCNB1","down","up"
"KCNJ10","up","down"
"KCNJ15","down","up"
"KCNJ3","down","up"
"KCNJ6","down","up"
"KCNMB1","down","up"
"KCNN2","up","down"
"KDM1A","up","down"
"KDM5B","up","down"
"KDM7A","up","down"
"KIAA1328","down","up"
"KIAA1958","up","down"
"KIF12","up","down"
"KIF13B","up","down"
"KIF25","up","down"
"KLF7","down","up"
"KLHL29","down","up"
"KLHL30","down","up"
"KLHL33","down","up"
"KLHL6-AS1","down","up"
"KLK10","down","up"
"KRT222","down","up"
"KRT7","down","up"
"L3MBTL3","up","down"
"LAMC1","up","down"
"LAPTM4B","down","up"
"LARP1","up","down"
"LARS2","up","down"
"LAT2","down","up"
"LAYN","down","up"
"LBHD1","up","down"
"LCORL","up","down"
"LCP1","up","down"
"LETM1","up","down"
"LGALS1","down","up"
"LGALS3","down","up"
"LGALS3BP","down","up"
"LIG3","up","down"
"LILRA1","up","down"
"LILRA2","up","down"
"LILRB1","up","down"
"LILRB2","up","down"
"LINC00173","down","up"
"LINC00324","up","down"
"LINC00672","down","up"
"LINC00885","down","up"
"LINC00910","down","up"
"LINC00937","down","up"
"LINC00954","down","up"
"LINC00958","down","up"
"LINC01003","up","down"
"LINC01137","down","up"
"LINC01152","down","up"
"LINC01204","down","up"
"LINC01550","down","up"
"LINC01551","down","up"
"LITAF","down","up"
"LMO3","down","up"
"LOC100131315","up","down"
"LOC100507156","down","up"
"LOC102724250","down","up"
"LOC105371267","down","up"
"LOC105373383","up","down"
"LOC158434","down","up"
"LOC440300","down","up"
"LOC441666","down","up"
"LOC729732","down","up"
"LOC730101","up","down"
"LPCAT1","up","down"
"LPIN2","up","down"
"LPP","down","up"
"LRBA","up","down"
"LRFN1","up","down"
"LRP5","up","down"
"LRPPRC","up","down"
"LRRC2","down","up"
"LRRCC1","down","up"
"LRRN3","down","up"
"LSM6","down","up"
"LSS","down","up"
"LYPLA1","up","down"
"LYSMD4","down","up"
"MAB21L3","down","up"
"MAML3","up","down"
"MAN2B1","up","down"
"MANBA","up","down"
"MANEA","up","down"
"MAOA","up","down"
"MAP1A","down","up"
"MAP1LC3B","down","up"
"MAP1S","up","down"
"MAP7","up","down"
"MAPK4","down","up"
"MARCKSL1","up","down"
"MARCO","up","down"
"MARVELD2","up","down"
"MBLAC2","up","down"
"MBP","up","down"
"MBTD1","up","down"
"MCCC1","up","down"
"MCCC2","up","down"
"MCF2L","up","down"
"MDFIC","down","up"
"MDH2","up","down"
"MEAF6","down","up"
"MEG3","down","up"
"MEN1","up","down"
"METTL21A","down","up"
"MFAP2","down","up"
"MFSD4A","up","down"
"MFSD5","down","up"
"MGAT4C","down","up"
"MIA3","up","down"
"MICAL1","down","up"
"MICAL2","up","down"
"MICALL1","down","up"
"MIOS","up","down"
"MISP3","down","up"
"MLX","up","down"
"MMAA","up","down"
"MMP14","down","up"
"MMS19","up","down"
"MPO","up","down"
"MPST","up","down"
"MPZL2","down","up"
"MRAP2","down","up"
"MRAS","down","up"
"MS4A2","down","up"
"MSMO1","down","up"
"MSN","down","up"
"MT1F","up","down"
"MT1L","down","up"
"MTFR1","up","down"
"MTHFD1","up","down"
"MTMR11","down","up"
"MUC13","down","up"
"MUC6","up","down"
"MVD","down","up"
"MVP","down","up"
"MYBBP1A","up","down"
"MYL6","down","up"
"MYL6B","down","up"
"MYO15A","down","up"
"MYO1B","up","down"
"MYO1D","up","down"
"N4BP2","up","down"
"NAAA","up","down"
"NAPEPLD","up","down"
"NCCRP1","down","up"
"NCSTN","up","down"
"NDUFAF3","up","down"
"NDUFS2","up","down"
"NEGR1","down","up"
"NEIL1","up","down"
"NELL2","down","up"
"NES","down","up"
"NET1","up","down"
"NEU1","down","up"
"NEXN","down","up"
"NFATC4","down","up"
"NFKBID","down","up"
"NFRKB","up","down"
"NGFR","up","down"
"NGRN","down","up"
"NHSL1","up","down"
"NINJ1","up","down"
"NKAPL","down","up"
"NKD1","down","up"
"NOA1","up","down"
"NOL3","down","up"
"NONO","up","down"
"NOP14","up","down"
"NOS1","down","up"
"NOVA1","down","up"
"NOX5","down","up"
"NPRL3","up","down"
"NR2C2","up","down"
"NR6A1","down","up"
"NRG1","down","up"
"NRN1","up","down"
"NRP1","up","down"
"NRXN3","down","up"
"NSDHL","down","up"
"NSG1","down","up"
"NSUN2","up","down"
"NTAN1","down","up"
"NTNG2","down","up"
"NTRK3","down","up"
"NUDT4","up","down"
"NUDT9","up","down"
"NUMA1","up","down"
"NUPR1","up","down"
"NWD2","up","down"
"NXT2","up","down"
"OCLN","up","down"
"OGDHL","up","down"
"OGN","down","up"
"OGT","up","down"
"OPHN1","down","up"
"OPLAH","up","down"
"OPTN","down","up"
"OSBPL5","up","down"
"OSR1","down","up"
"OTUD4","up","down"
"OXA1L","up","down"
"P3H3","down","up"
"P4HA2","down","up"
"PABPC4","up","down"
"PAIP2B","up","down"
"PAK1IP1","down","up"
"PAK3","down","up"
"PAK5","down","up"
"PALM3","down","up"
"PAPLN","down","up"
"PAPPA","down","up"
"PAQR7","down","up"
"PARP1","up","down"
"PBLD","up","down"
"PCBP2","up","down"
"PCBP4","down","up"
"PCCB","up","down"
"PCDH1","up","down"
"PCDH11X","down","up"
"PCDHGA10","up","down"
"PCDHGA9","up","down"
"PCDHGB2","up","down"
"PCDHGB5","up","down"
"PCDHGB6","up","down"
"PCED1A","up","down"
"PCMTD2","up","down"
"PCNT","up","down"
"PCSK5","down","up"
"PCSK7","down","up"
"PCYT1B","down","up"
"PDCD11","up","down"
"PDE11A","down","up"
"PDIA5","up","down"
"PDLIM5","up","down"
"PDPN","down","up"
"PDS5A","up","down"
"PEBP4","down","up"
"PEG10","down","up"
"PELO","down","up"
"PEX10","up","down"
"PEX3","down","up"
"PFAS","up","down"
"PFKL","up","down"
"PGF","down","up"
"PGGHG","down","up"
"PHF12","up","down"
"PHF2","up","down"
"PHKA1","up","down"
"PHKA2","up","down"
"PHKB","up","down"
"PHLDA3","down","up"
"PHLDB3","up","down"
"PI16","down","up"
"PIEZO1","up","down"
"PIGO","up","down"
"PIGR","up","down"
"PIK3AP1","up","down"
"PINLYP","down","up"
"PJA1","down","up"
"PKNOX2","down","up"
"PLA2G15","up","down"
"PLAC9","down","up"
"PLCD4","down","up"
"PLEKHG4B","down","up"
"PLIN4","down","up"
"PLK2","down","up"
"PLP2","down","up"
"PLPPR1","up","down"
"PMPCA","up","down"
"PNPO","up","down"
"PODN","down","up"
"POLR1B","up","down"
"POLR3B","up","down"
"POLR3GL","down","up"
"POM121","up","down"
"POM121C","up","down"
"POM121L9P","down","up"
"POTEC","down","up"
"POTEI","down","up"
"PPARD","down","up"
"PPFIA2","up","down"
"PPIC","down","up"
"PPM1E","up","down"
"PPP1R12A","down","up"
"PPP1R26","up","down"
"PPP1R3B","down","up"
"PRDM10","up","down"
"PRDM5","down","up"
"PRKAA1","up","down"
"PRKCE","down","up"
"PRKDC","up","down"
"PRLR","up","down"
"PRNP","down","up"
"PROX1","up","down"
"PRRT2","down","up"
"PRSS53","down","up"
"PSAT1","up","down"
"PSIP1","down","up"
"PSMD11","up","down"
"PTCHD1","down","up"
"PTDSS1","up","down"
"PTGDS","down","up"
"PTPN18","up","down"
"PTPRJ","up","down"
"PTPRK","up","down"
"PTPRN2","up","down"
"PTPRT","up","down"
"PXDN","up","down"
"RAB11FIP3","up","down"
"RAB11FIP4","up","down"
"RAB32","down","up"
"RAB3D","up","down"
"RAB7B","down","up"
"RALGAPA2","up","down"
"RANBP10","up","down"
"RANBP17","up","down"
"RANBP2","up","down"
"RAP1GAP2","up","down"
"RAP2C-AS1","down","up"
"RAPGEF2","up","down"
"RAPGEF3","up","down"
"RASL11B","down","up"
"RASL12","down","up"
"RBFOX3","down","up"
"REEP2","down","up"
"RELL1","up","down"
"RELN","up","down"
"RERE","up","down"
"RFX3","up","down"
"RGCC","down","up"
"RGL2","up","down"
"RGMA","down","up"
"RGS11","up","down"
"RGS9","down","up"
"RGSL1","down","up"
"RHBDD1","down","up"
"RHCG","down","up"
"RHOQ","down","up"
"RIC3","down","up"
"RIMBP2","up","down"
"RIN1","down","up"
"RN7SL1","down","up"
"RNASE4","down","up"
"RNASEH2B","down","up"
"RNF103","up","down"
"RNF112","down","up"
"RNF144A","up","down"
"RNF165","down","up"
"RNF207","down","up"
"RNF44","up","down"
"ROBO1","down","up"
"RPH3AL","up","down"
"RPL23","up","down"
"RPL39L","down","up"
"RPS28","up","down"
"RPS6KA5","down","up"
"RPUSD4","up","down"
"RTN4RL2","up","down"
"RTP4","down","up"
"S100A14","down","up"
"S100A16","down","up"
"S100A4","down","up"
"S100A6","down","up"
"S1PR2","down","up"
"SAE1","down","up"
"SAMD11","down","up"
"SAMMSON","down","up"
"SBNO2","up","down"
"SBSPON","down","up"
"SCHIP1","down","up"
"SCN1B","up","down"
"SCPEP1","down","up"
"SCRG1","down","up"
"SCUBE3","down","up"
"SDK1","up","down"
"SEC14L1","up","down"
"SEC14L6","down","up"
"SEC31B","up","down"
"SEH1L","up","down"
"SEL1L","up","down"
"SEL1L3","up","down"
"SELENON","up","down"
"SELENOW","down","up"
"SEMA4B","up","down"
"SERBP1","up","down"
"SERPINB1","down","up"
"SERPINE2","down","up"
"SERPINF1","down","up"
"SFXN2","up","down"
"SGCB","down","up"
"SGCE","down","up"
"SGMS2","up","down"
"SH2D3A","down","up"
"SH2D4A","up","down"
"SIGLEC7","up","down"
"SIGLEC9","up","down"
"SIK1","down","up"
"SIPA1L1","up","down"
"SIPA1L3","up","down"
"SLC10A7","up","down"
"SLC12A4","down","up"
"SLC12A7","up","down"
"SLC16A1","up","down"
"SLC16A13","down","up"
"SLC16A14","down","up"
"SLC19A2","up","down"
"SLC22A10","up","down"
"SLC22A15","down","up"
"SLC22A23","up","down"
"SLC25A13","up","down"
"SLC25A15","up","down"
"SLC25A22","up","down"
"SLC26A1","up","down"
"SLC27A5","up","down"
"SLC2A5","down","up"
"SLC30A4","down","up"
"SLC35E2B","up","down"
"SLC35F1","down","up"
"SLC35F5","up","down"
"SLC43A1","up","down"
"SLC43A2","up","down"
"SLC46A1","up","down"
"SLC50A1","up","down"
"SLC51A","up","down"
"SLC6A1","up","down"
"SLC6A2","down","up"
"SLCO1A2","up","down"
"SLCO5A1","down","up"
"SLFN13","down","up"
"SMAP2","up","down"
"SMCR8","up","down"
"SMIM5","down","up"
"SNAP23","up","down"
"SNAP25","down","up"
"SNAPC1","down","up"
"SNAPC4","up","down"
"SNCAIP","down","up"
"SNHG16","up","down"
"SNX22","up","down"
"SNX30","up","down"
"SNX5","up","down"
"SNX7","down","up"
"SOBP","down","up"
"SOWAHB","up","down"
"SOWAHC","down","up"
"SOWAHD","up","down"
"SP100","down","up"
"SPATA18","down","up"
"SPATA6L","down","up"
"SPECC1","down","up"
"SPIB","down","up"
"SPIRE1","up","down"
"SPOCK1","up","down"
"SPON1","down","up"
"SPTBN2","up","down"
"SPTLC2","up","down"
"SPTLC3","down","up"
"SQLE","down","up"
"SRD5A1","up","down"
"SRD5A2","down","up"
"SREBF1","up","down"
"SRM","up","down"
"SSPN","down","up"
"SSTR2","down","up"
"ST6GALNAC2","down","up"
"ST8SIA1","down","up"
"STAB1","up","down"
"STAG3L5P","down","up"
"STAT2","up","down"
"STK35","up","down"
"STK38","down","up"
"STMN3","down","up"
"STPG1","down","up"
"STRIP2","down","up"
"STRN","up","down"
"STT3A","up","down"
"STXBP2","up","down"
"SUCNR1","up","down"
"SUGCT","up","down"
"SULT2B1","down","up"
"SUSD1","up","down"
"SUSD4","down","up"
"SUSD6","up","down"
"SYBU","up","down"
"SYT11","down","up"
"SYT7","down","up"
"TAF10","up","down"
"TAGLN","down","up"
"TARID","down","up"
"TAX1BP3","down","up"
"TBC1D16","up","down"
"TBC1D24","down","up"
"TBC1D4","up","down"
"TBC1D9B","up","down"
"TBCD","up","down"
"TBXAS1","up","down"
"TCEA3","up","down"
"TCEAL4","down","up"
"TCF3","up","down"
"TDRD6","up","down"
"TENM1","down","up"
"TESK2","up","down"
"TGFBRAP1","up","down"
"THOC3","up","down"
"THRB","up","down"
"THUMPD2","down","up"
"TIAF1","down","up"
"TINCR","down","up"
"TJP1","up","down"
"TK2","up","down"
"TLE1","up","down"
"TM4SF18","up","down"
"TMEM116","down","up"
"TMEM131","up","down"
"TMEM150C","up","down"
"TMEM161A","up","down"
"TMEM212","down","up"
"TMEM238","up","down"
"TMEM241","up","down"
"TMEM248","up","down"
"TMEM26","up","down"
"TMEM40","down","up"
"TMEM52","up","down"
"TMEM74B","up","down"
"TMEM86A","up","down"
"TMEM91","down","up"
"TMOD3","up","down"
"TMSB15B","down","up"
"TMTC4","up","down"
"TNFAIP8L1","down","up"
"TNFRSF25","down","up"
"TNFSF10","up","down"
"TNFSF11","down","up"
"TNN","up","down"
"TNS3","up","down"
"TOM1L1","up","down"
"TOMM70","up","down"
"TOP2B","up","down"
"TOP3A","up","down"
"TP53","up","down"
"TP73","down","up"
"TPM1","down","up"
"TPM3","up","down"
"TPP2","up","down"
"TPR","up","down"
"TPRN","up","down"
"TPTEP1","down","up"
"TRAF1","down","up"
"TRAF7","up","down"
"TRAM2","up","down"
"TRAP1","up","down"
"TRAPPC9","up","down"
"TREX1","up","down"
"TRHDE","down","up"
"TRIM22","down","up"
"TRIM3","up","down"
"TRIM7","down","up"
"TRIP6","down","up"
"TRIT1","up","down"
"TRMT2A","up","down"
"TRPC6","down","up"
"TRPM6","down","up"
"TRPM7","up","down"
"TRRAP","up","down"
"TSHZ2","down","up"
"TSPAN13","up","down"
"TSPAN14","up","down"
"TTC23","down","up"
"TTC36","up","down"
"TTC38","up","down"
"TTC7B","down","up"
"TTI1","up","down"
"TTLL12","up","down"
"TTLL3","down","up"
"TUBA1A","down","up"
"TUSC1","up","down"
"TUT1","up","down"
"TVP23A","down","up"
"TXNDC16","up","down"
"U2AF2","up","down"
"UBE2E2","up","down"
"UBE2Q2P1","down","up"
"UBXN10","down","up"
"UGT1A3","up","down"
"UNC13C","down","up"
"UQCRC1","up","down"
"UQCRC2","up","down"
"USF3","up","down"
"USP22","up","down"
"USP34","up","down"
"USP6NL","up","down"
"USP7","up","down"
"UTP15","up","down"
"UTRN","up","down"
"VANGL1","up","down"
"VASH1","up","down"
"VGLL3","down","up"
"VPS13A","up","down"
"VSIG2","down","up"
"VTCN1","down","up"
"WASL","up","down"
"WBP4","down","up"
"WIPF3","down","up"
"WNT10A","down","up"
"WNT2B","down","up"
"WNT4","down","up"
"WNT9B","down","up"
"WWP1","up","down"
"XAF1","down","up"
"XKR4","down","up"
"XPNPEP3","up","down"
"XPO6","up","down"
"XRCC5","up","down"
"XYLB","up","down"
"YES1","up","down"
"YPEL2","up","down"
"YTHDF1","up","down"
"YWHAE","up","down"
"ZBTB10","up","down"
"ZBTB20","down","up"
"ZC3H11A","up","down"
"ZC3H7B","up","down"
"ZDHHC15","down","up"
"ZDHHC2","down","up"
"ZFAS1","up","down"
"ZFP69","down","up"
"ZFP91","up","down"
"ZMPSTE24","up","down"
"ZNF10","down","up"
"ZNF154","down","up"
"ZNF217","up","down"
"ZNF230","down","up"
"ZNF24","up","down"
"ZNF254","up","down"
"ZNF257","down","up"
"ZNF273","down","up"
"ZNF275","up","down"
"ZNF283","down","up"
"ZNF324","down","up"
"ZNF333","down","up"
"ZNF383","down","up"
"ZNF385B","up","down"
"ZNF385D","down","up"
"ZNF430","down","up"
"ZNF454","down","up"
"ZNF467","up","down"
"ZNF483","down","up"
"ZNF492","down","up"
"ZNF622","up","down"
"ZNF641","up","down"
"ZNF702P","down","up"
"ZNF765","down","up"
"ZNF770","up","down"
"ZNF774","down","up"
"ZNF781","down","up"
"ZNF789","down","up"
"ZNF862","up","down"
"ZNF865","up","down"
