"Gene_symbol","PC_Direction","NAFLD_Direction"
"ABCA1","up","down"
"ABCA2","up","down"
"ABCC6P2","down","up"
"ABCG1","up","down"
"ABHD17B","up","down"
"ACAD10","up","down"
"ACADSB","up","down"
"ACAT2","down","up"
"ACKR3","down","up"
"ACOT1","down","up"
"ACSBG1","down","up"
"ACSL4","down","up"
"ACSM1","up","down"
"ADAM9","up","down"
"ADAMTS4","down","up"
"ADAMTS9","up","down"
"ADARB1","down","up"
"ADCY2","down","up"
"ADGRA3","up","down"
"ADGRF5","up","down"
"ADGRG2","down","up"
"ADIRF","down","up"
"ADRB1","up","down"
"AFF1","up","down"
"AGAP1","up","down"
"AGFG2","up","down"
"AGPAT3","up","down"
"AGPAT5","up","down"
"AHCY","up","down"
"AJUBA","down","up"
"AKAP7","down","up"
"ALDH1A2","down","up"
"ALDH1L1","up","down"
"ALDH3A1","down","up"
"ALDH6A1","up","down"
"ALDOC","down","up"
"ANAPC1","up","down"
"ANK3","up","down"
"ANKDD1A","down","up"
"ANKRD20A1","down","up"
"ANXA2","down","up"
"AP1S2","up","down"
"AP3B2","down","up"
"AP4S1","down","up"
"APBA1","up","down"
"APOF","up","down"
"APOL1","down","up"
"ARHGAP18","up","down"
"ARHGAP8","up","down"
"ARHGDIB","up","down"
"ARHGEF26","up","down"
"ARL11","up","down"
"ARL4A","down","up"
"ARPC1B","up","down"
"AS3MT","down","up"
"ASAP2","up","down"
"ASB3","down","up"
"ATAD3C","down","up"
"ATCAY","down","up"
"ATF3","down","up"
"ATF7","up","down"
"ATG5","down","up"
"ATG9B","up","down"
"ATP11A","up","down"
"ATP13A2","up","down"
"ATP13A3","up","down"
"ATP7B","up","down"
"ATP8A1","up","down"
"ATP8B1","down","up"
"ATRIP","up","down"
"AVPR1A","down","up"
"B3GAT1","up","down"
"BAALC","up","down"
"BAAT","up","down"
"BAIAP3","up","down"
"BCAR3","down","up"
"BCDIN3D-AS1","down","up"
"BCKDHA","up","down"
"BCL7C","down","up"
"BCO2","down","up"
"BCORP1","down","up"
"BCS1L","up","down"
"BDH2","down","up"
"BHLHA15","up","down"
"BIN3","down","up"
"BST2","down","up"
"BTG1","down","up"
"C10orf82","down","up"
"C11orf21","down","up"
"C11orf96","up","down"
"C16orf89","down","up"
"C3AR1","up","down"
"C3orf14","down","up"
"C5orf49","up","down"
"CABP4","up","down"
"CALCA","down","up"
"CAMK1D","down","up"
"CAPG","down","up"
"CARNMT1","up","down"
"CASP2","up","down"
"CBFB","up","down"
"CCDC107","down","up"
"CCDC115","down","up"
"CCDC146","down","up"
"CCDC148","down","up"
"CCDC6","up","down"
"CCDC80","down","up"
"CCDC88A","down","up"
"CCM2","down","up"
"CD2AP","up","down"
"CD59","down","up"
"CDC37L1","down","up"
"CDC42EP3","down","up"
"CDH3","down","up"
"CDIP1","down","up"
"CDK19","up","down"
"CDR2L","up","down"
"CEBPB-AS1","down","up"
"CEBPD","up","down"
"CECR2","up","down"
"CELF1","up","down"
"CENPO","up","down"
"CEP126","down","up"
"CERS5","down","up"
"CES1","down","up"
"CES1P1","down","up"
"CETN2","down","up"
"CFP","up","down"
"CHDH","up","down"
"CHMP1B2P","down","up"
"CHMP4B","down","up"
"CHRD","up","down"
"CHRNB1","down","up"
"CHST6","down","up"
"CIB2","down","up"
"CIDEC","down","up"
"CIT","up","down"
"CKAP5","up","down"
"CLDN11","down","up"
"CLIP2","down","up"
"CLPX","up","down"
"CNNM3","up","down"
"CNOT1","up","down"
"CNOT6","up","down"
"CNTN2","down","up"
"COBLL1","up","down"
"COL14A1","down","up"
"COL5A3","down","up"
"COLGALT1","up","down"
"COPZ2","down","up"
"CORO1B","up","down"
"COTL1","up","down"
"COX7A1","down","up"
"CPD","up","down"
"CPEB1","down","up"
"CPNE2","up","down"
"CPNE3","up","down"
"CRACR2B","up","down"
"CRISPLD1","up","down"
"CSF3R","up","down"
"CSMD3","down","up"
"CSNK2A1","up","down"
"CSTA","down","up"
"CTBP1","up","down"
"CUBN","down","up"
"CYB5R2","down","up"
"CYFIP2","up","down"
"CYP27C1","down","up"
"CYP3A5","down","up"
"CYP4F22","down","up"
"CYTH3","up","down"
"DACT3","down","up"
"DAG1","up","down"
"DANCR","up","down"
"DAPK1","up","down"
"DARS2","up","down"
"DBI","down","up"
"DCTD","up","down"
"DDB2","down","up"
"DEAF1","up","down"
"DEGS1","up","down"
"DENND4C","up","down"
"DEXI","down","up"
"DIAPH1","up","down"
"DICER1","up","down"
"DISC1","up","down"
"DMXL2","up","down"
"DNAJB5","down","up"
"DNAJC11","up","down"
"DNAJC12","up","down"
"DNAJC15","down","up"
"DOC2B","down","up"
"DOK7","down","up"
"DRD1","down","up"
"DSC2","up","down"
"DSTN","down","up"
"DSTNP2","down","up"
"DTX1","up","down"
"DUOX2","down","up"
"DUS1L","up","down"
"DUSP1","down","up"
"DUSP7","up","down"
"DVL1","up","down"
"DXO","up","down"
"EBLN2","down","up"
"EBP","down","up"
"EDEM1","up","down"
"EEF2","up","down"
"EFCAB3","down","up"
"EFNB2","up","down"
"EIF2S3","up","down"
"EIF4B","up","down"
"ELL3","up","down"
"EML2","down","up"
"EML4","up","down"
"EMP1","down","up"
"EMX2OS","down","up"
"ENHO","down","up"
"ENPP1","up","down"
"EPB41","up","down"
"EPDR1","down","up"
"ERG","up","down"
"ESRP2","up","down"
"EYA3","up","down"
"F2R","up","down"
"F2RL2","up","down"
"FADS1","down","up"
"FADS2","down","up"
"FAM120A","up","down"
"FAM160A1","up","down"
"FAM167A","down","up"
"FAM174B","up","down"
"FAM228B","down","up"
"FAM229B","down","up"
"FAXC","down","up"
"FBXO2","down","up"
"FBXO46","up","down"
"FCF1","down","up"
"FCGR3A","up","down"
"FDFT1","down","up"
"FECH","up","down"
"FER1L5","down","up"
"FGF11","down","up"
"FGF2","down","up"
"FGFRL1","up","down"
"FKBP1A","up","down"
"FLT1","up","down"
"FMNL2","up","down"
"FNIP2","up","down"
"FOXN2","up","down"
"FOXRED2","up","down"
"FPR1","up","down"
"FPR2","up","down"
"FRK","up","down"
"FRRS1L","down","up"
"FST","down","up"
"FUT2","down","up"
"FXYD2","down","up"
"FZD4","up","down"
"GAA","up","down"
"GALNT7","up","down"
"GAS2L1","up","down"
"GBP1P1","down","up"
"GCNT1","up","down"
"GCNT4","down","up"
"GGT1","up","down"
"GGT6","down","up"
"GIGYF2","up","down"
"GIPR","down","up"
"GJC1","down","up"
"GLB1L3","down","up"
"GLIS2","down","up"
"GNE","up","down"
"GNG4","down","up"
"GNL3L","up","down"
"GOLGA3","up","down"
"GOLGB1","up","down"
"GOLPH3L","up","down"
"GPC6","down","up"
"GPR137B","up","down"
"GPR160","up","down"
"GPR37L1","down","up"
"GPR85","down","up"
"GPR88","up","down"
"GPX2","down","up"
"GRAMD1A","up","down"
"GRAMD4","up","down"
"GRIA3","down","up"
"GRK2","up","down"
"GRM7","up","down"
"GSTA4","down","up"
"GSTO2","down","up"
"GTF2I","up","down"
"GXYLT1","up","down"
"HACD1","down","up"
"HACD2","up","down"
"HBA2","down","up"
"HBB","down","up"
"HDAC1","up","down"
"HDAC9","up","down"
"HDC","down","up"
"HEATR1","up","down"
"HEATR5B","up","down"
"HECTD4","up","down"
"HERC3","up","down"
"HEY2","up","down"
"HFE","down","up"
"HHAT","down","up"
"HHIPL1","up","down"
"HID1","up","down"
"HIGD1A","down","up"
"HIP1","up","down"
"HIPK2","up","down"
"HK2","up","down"
"HK3","up","down"
"HMGN4","down","up"
"HMGN5","down","up"
"HMOX1","up","down"
"HNRNPL","up","down"
"HNRNPU","up","down"
"HOMER3","up","down"
"HPCAL1","up","down"
"HPS1","down","up"
"HSD17B11","up","down"
"HSPA4L","down","up"
"HTR2B","up","down"
"ICAM1","up","down"
"ICAM3","up","down"
"IDI1","down","up"
"IDUA","up","down"
"IFI27","down","up"
"IFI27L2","down","up"
"IFIT1","down","up"
"IFITM1","down","up"
"IFNGR2","up","down"
"IFT140","up","down"
"IFT43","down","up"
"IGSF6","up","down"
"IGSF8","up","down"
"IL17RB","up","down"
"IL1RL1","down","up"
"ILDR2","down","up"
"INHBE","down","up"
"INTU","down","up"
"IP6K3","down","up"
"IPO4","up","down"
"IQGAP2","up","down"
"IRF3","down","up"
"IRF5","up","down"
"ITIH2","up","down"
"ITPKA","down","up"
"ITPR2","up","down"
"ITPR3","up","down"
"IVD","up","down"
"JPH4","down","up"
"JUN","down","up"
"KAZN","up","down"
"KCNB1","down","up"
"KCNJ10","up","down"
"KCNJ15","down","up"
"KCNJ3","down","up"
"KCNJ6","down","up"
"KCNMB1","down","up"
"KCTD12","up","down"
"KDM1A","up","down"
"KDM5B","up","down"
"KIAA1328","down","up"
"KIF13B","up","down"
"KLHDC8B","down","up"
"KLHL29","down","up"
"KLHL6-AS1","down","up"
"KLK10","down","up"
"L3MBTL3","up","down"
"LAMB3","down","up"
"LAPTM4B","down","up"
"LARP1","up","down"
"LARS2","up","down"
"LAT2","down","up"
"LBH","up","down"
"LETM1","up","down"
"LGALS3","down","up"
"LIG3","up","down"
"LILRA2","up","down"
"LILRB1","up","down"
"LILRB2","up","down"
"LINC00092","down","up"
"LINC00173","down","up"
"LINC00667","down","up"
"LINC00672","down","up"
"LINC00885","down","up"
"LINC00933","down","up"
"LINC00937","down","up"
"LINC00954","down","up"
"LINC00958","down","up"
"LINC01137","down","up"
"LINC01551","down","up"
"LITAF","down","up"
"LMO3","down","up"
"LOC100129175","up","down"
"LOC100131315","up","down"
"LOC100507156","down","up"
"LOC440300","down","up"
"LOC729732","down","up"
"LOC730101","up","down"
"LPCAT1","up","down"
"LRBA","up","down"
"LRP5","up","down"
"LRP8","down","up"
"LRRCC1","down","up"
"LRRN3","down","up"
"LSM6","down","up"
"LSS","down","up"
"MAB21L3","down","up"
"MAML3","up","down"
"MAN2B1","up","down"
"MAP1S","up","down"
"MAP7","up","down"
"MAPK4","down","up"
"MARCKSL1","up","down"
"MARCO","up","down"
"MARK2","up","down"
"MBP","up","down"
"MCCC1","up","down"
"MCCC2","up","down"
"MCF2L","up","down"
"MCTP1","up","down"
"MEAF6","down","up"
"MED23","up","down"
"MEG3","down","up"
"METTL21A","down","up"
"MFSD10","up","down"
"MFSD5","down","up"
"MGAT4C","down","up"
"MGC32805","down","up"
"MICAL2","up","down"
"MISP3","down","up"
"MPZL2","down","up"
"MRAS","down","up"
"MROH1","up","down"
"MS4A2","down","up"
"MSANTD4","down","up"
"MSLN","down","up"
"MSN","down","up"
"MSR1","up","down"
"MSRB2","down","up"
"MTHFD1","up","down"
"MVD","down","up"
"MVP","down","up"
"MYBBP1A","up","down"
"MYL6","down","up"
"MYL6B","down","up"
"MYO15A","down","up"
"MYO1D","up","down"
"MYSM1","up","down"
"NAAA","up","down"
"NAPEPLD","up","down"
"NCOA7","up","down"
"NDUFAF3","up","down"
"NDUFS2","up","down"
"NEGR1","down","up"
"NET1","up","down"
"NEU1","down","up"
"NFKBID","down","up"
"NGFR","up","down"
"NGRN","down","up"
"NHSL1","up","down"
"NKAPL","down","up"
"NKD1","down","up"
"NKIRAS1","down","up"
"NMT2","down","up"
"NONO","up","down"
"NOS1","down","up"
"NOVA1","down","up"
"NOX5","down","up"
"NPAS3","down","up"
"NPRL3","up","down"
"NR2C2","up","down"
"NRN1","up","down"
"NRP1","up","down"
"NSDHL","down","up"
"NSUN7","up","down"
"NTAN1","down","up"
"NTNG2","down","up"
"NTRK3","down","up"
"NUDT4","up","down"
"NUMA1","up","down"
"NXT2","up","down"
"OGDHL","up","down"
"OGT","up","down"
"OPHN1","down","up"
"OPLAH","up","down"
"OPTN","down","up"
"OSBPL5","up","down"
"OXA1L","up","down"
"P2RX4","up","down"
"P4HA2","down","up"
"PACS1","up","down"
"PAK1IP1","down","up"
"PALM3","down","up"
"PAQR7","down","up"
"PARP1","up","down"
"PCCB","up","down"
"PCDH1","up","down"
"PCDH11X","down","up"
"PCDHGA10","up","down"
"PCDHGA12","up","down"
"PCDHGA9","up","down"
"PCDHGB2","up","down"
"PCDHGB5","up","down"
"PCDHGB6","up","down"
"PCDHGC3","down","up"
"PCED1A","up","down"
"PCGF3","up","down"
"PCNT","up","down"
"PCNX3","up","down"
"PCSK5","down","up"
"PCSK7","down","up"
"PCYT1B","down","up"
"PDCD11","up","down"
"PDE11A","down","up"
"PDLIM5","up","down"
"PDS5A","up","down"
"PEG10","down","up"
"PELO","down","up"
"PFAS","up","down"
"PFKL","up","down"
"PGRMC1","down","up"
"PHF12","up","down"
"PHF2","up","down"
"PHF6","up","down"
"PHKA1","up","down"
"PHLDA3","down","up"
"PIEZO1","up","down"
"PIGR","up","down"
"PINLYP","down","up"
"PLA2G15","up","down"
"PLEKHB2","up","down"
"PLIN4","down","up"
"PLP2","down","up"
"PLXNA4","up","down"
"PMPCA","up","down"
"PNPO","up","down"
"POLR3B","up","down"
"POLR3GL","down","up"
"POM121","up","down"
"POM121C","up","down"
"POTEC","down","up"
"PPIC","down","up"
"PPP1R12A","down","up"
"PPP1R3B","down","up"
"PPP1R3C","down","up"
"PPP1R7","down","up"
"PRDM10","up","down"
"PRKAA1","up","down"
"PRKCE","down","up"
"PRKDC","up","down"
"PRLR","up","down"
"PROSER2-AS1","down","up"
"PROX1","up","down"
"PRRT2","down","up"
"PRSS53","down","up"
"PSIP1","down","up"
"PSMD11","up","down"
"PTAR1","up","down"
"PTCHD1","down","up"
"PTDSS1","up","down"
"PTGER4","up","down"
"PTGS1","up","down"
"PTPN18","up","down"
"PTPRJ","up","down"
"PTPRK","up","down"
"PTPRN2","up","down"
"PTPRT","up","down"
"PXDN","up","down"
"PXK","down","up"
"PYGB","down","up"
"RAB11FIP4","up","down"
"RAB32","down","up"
"RAB3D","up","down"
"RAB7B","down","up"
"RALGAPA2","up","down"
"RANBP2","up","down"
"RAP1GAP2","up","down"
"RAPGEF2","up","down"
"RASL12","down","up"
"RBBP8","down","up"
"RBFOX3","down","up"
"RBM33","up","down"
"RCC2","up","down"
"REEP2","down","up"
"RELL1","up","down"
"RELN","up","down"
"RERE","up","down"
"RFX3","up","down"
"RGS11","up","down"
"RGSL1","down","up"
"RIC3","down","up"
"RIMBP2","up","down"
"RN7SL1","down","up"
"RNASE4","down","up"
"RNASEH2B","down","up"
"RNF144A","up","down"
"RNF165","down","up"
"RNF170","down","up"
"RNF44","up","down"
"ROPN1L","up","down"
"RPH3AL","up","down"
"RPL39L","down","up"
"RPS28","up","down"
"RPS6KA5","down","up"
"RPUSD4","up","down"
"RTN4RL2","up","down"
"RTP4","down","up"
"S100A1","up","down"
"S100A14","down","up"
"S100A16","down","up"
"S100A4","down","up"
"S100A6","down","up"
"S1PR2","down","up"
"SAE1","down","up"
"SAMMSON","down","up"
"SBNO2","up","down"
"SBSPON","down","up"
"SCHIP1","down","up"
"SCN1B","up","down"
"SCRG1","down","up"
"SCUBE3","down","up"
"SDK1","up","down"
"SEC14L1","up","down"
"SEH1L","up","down"
"SEL1L","up","down"
"SEL1L3","up","down"
"SELENON","up","down"
"SELENOW","down","up"
"SERHL2","up","down"
"SERP2","down","up"
"SERPINF1","down","up"
"SEZ6L","up","down"
"SFTPD","down","up"
"SFXN2","up","down"
"SGCB","down","up"
"SGMS2","up","down"
"SH2D3A","down","up"
"SIGLEC7","up","down"
"SIGLEC9","up","down"
"SIPA1L1","up","down"
"SIPA1L3","up","down"
"SLC10A7","up","down"
"SLC12A4","down","up"
"SLC12A5","up","down"
"SLC16A1","up","down"
"SLC16A13","down","up"
"SLC22A10","up","down"
"SLC22A23","up","down"
"SLC22A3","down","up"
"SLC25A40","up","down"
"SLC29A4","down","up"
"SLC2A5","down","up"
"SLC35F1","down","up"
"SLC39A6","up","down"
"SLC3A2","down","up"
"SLC43A2","up","down"
"SLC46A1","up","down"
"SLC6A1","up","down"
"SLC6A2","down","up"
"SLCO1A2","up","down"
"SLIT1","up","down"
"SMAP2","up","down"
"SMCR8","up","down"
"SNAP25","down","up"
"SNAPC1","down","up"
"SNAPC4","up","down"
"SNHG16","up","down"
"SNX30","up","down"
"SNX7","down","up"
"SOWAHD","up","down"
"SP100","down","up"
"SPAG4","down","up"
"SPATA18","down","up"
"SPATA6L","down","up"
"SPIB","down","up"
"SPIRE1","up","down"
"SPTBN2","up","down"
"SPTLC2","up","down"
"SPTLC3","down","up"
"SQLE","down","up"
"SRD5A1","up","down"
"SRD5A2","down","up"
"SRM","up","down"
"ST8SIA1","down","up"
"STAB1","up","down"
"STAG3L5P","down","up"
"STK35","up","down"
"STK38","down","up"
"STPG1","down","up"
"STRIP2","down","up"
"STRN","up","down"
"STT3A","up","down"
"STXBP2","up","down"
"SUCNR1","up","down"
"SUSD1","up","down"
"SUSD4","down","up"
"SUSD6","up","down"
"SYS1","down","up"
"SYT7","down","up"
"SYT9","down","up"
"SYTL4","down","up"
"TANC1","up","down"
"TANC2","up","down"
"TAX1BP3","down","up"
"TBC1D16","up","down"
"TBC1D9B","up","down"
"TBCD","up","down"
"TBXAS1","up","down"
"TCEAL4","down","up"
"TCF3","up","down"
"TENM1","down","up"
"TESK2","up","down"
"TGFBRAP1","up","down"
"TIAF1","down","up"
"TJP1","up","down"
"TKFC","up","down"
"TM4SF18","up","down"
"TMBIM1","down","up"
"TMEM116","down","up"
"TMEM131","up","down"
"TMEM132A","up","down"
"TMEM14C","down","up"
"TMEM200B","down","up"
"TMEM204","up","down"
"TMEM238","up","down"
"TMEM241","up","down"
"TMEM248","up","down"
"TMEM26","up","down"
"TMEM38B","down","up"
"TMEM52","up","down"
"TMEM86A","up","down"
"TMOD3","up","down"
"TNC","down","up"
"TNFAIP2","up","down"
"TNFAIP8L1","down","up"
"TNFRSF11A","up","down"
"TNFRSF25","down","up"
"TNN","up","down"
"TOP2B","up","down"
"TOP3A","up","down"
"TP53","up","down"
"TPM3","up","down"
"TPP2","up","down"
"TPR","up","down"
"TPTEP1","down","up"
"TRAM2","up","down"
"TRAP1","up","down"
"TRIM22","down","up"
"TRIM3","up","down"
"TRIM7","down","up"
"TRIT1","up","down"
"TRPM7","up","down"
"TRRAP","up","down"
"TSPAN13","up","down"
"TSPAN14","up","down"
"TTI1","up","down"
"TUBA3FP","down","up"
"TUSC1","up","down"
"TWIST1","up","down"
"TXNDC16","up","down"
"UBE2E2","up","down"
"UBE2Q2P1","down","up"
"UBXN10","down","up"
"UGGT1","up","down"
"UGT1A3","up","down"
"UQCRC1","up","down"
"USF3","up","down"
"USP22","up","down"
"USP34","up","down"
"USP6NL","up","down"
"USP7","up","down"
"UTP15","up","down"
"UTRN","up","down"
"UVSSA","up","down"
"VANGL1","up","down"
"VASH1","up","down"
"VGLL3","down","up"
"VPS13A","up","down"
"WASL","up","down"
"WBP4","down","up"
"WNT2B","down","up"
"WNT4","down","up"
"WNT9B","down","up"
"XAF1","down","up"
"XKR4","down","up"
"XPNPEP3","up","down"
"XYLB","up","down"
"YTHDF1","up","down"
"YWHAE","up","down"
"ZBTB10","up","down"
"ZBTB20","down","up"
"ZC3H11A","up","down"
"ZDHHC11","up","down"
"ZDHHC15","down","up"
"ZDHHC2","down","up"
"ZFAS1","up","down"
"ZFP91","up","down"
"ZMPSTE24","up","down"
"ZNF10","down","up"
"ZNF217","up","down"
"ZNF230","down","up"
"ZNF257","down","up"
"ZNF273","down","up"
"ZNF275","up","down"
"ZNF283","down","up"
"ZNF333","down","up"
"ZNF385B","up","down"
"ZNF385D","down","up"
"ZNF425","down","up"
"ZNF430","down","up"
"ZNF454","down","up"
"ZNF467","up","down"
"ZNF483","down","up"
"ZNF492","down","up"
"ZNF622","up","down"
"ZNF765","down","up"
"ZNF770","up","down"
"ZNF789","down","up"
